{
    "name": "root",
    "gauges": {
        "FPV-Drone.Policy.Entropy.mean": {
            "value": 1.1690266132354736,
            "min": 1.0894116163253784,
            "max": 1.271706461906433,
            "count": 33
        },
        "FPV-Drone.Policy.Entropy.sum": {
            "value": 34642.93359375,
            "min": 30341.64453125,
            "max": 38172.421875,
            "count": 33
        },
        "FPV-Drone.Environment.LessonNumber.Lesson.mean": {
            "value": 3.0,
            "min": 3.0,
            "max": 3.0,
            "count": 33
        },
        "FPV-Drone.Environment.LessonNumber.Lesson.sum": {
            "value": 3.0,
            "min": 3.0,
            "max": 3.0,
            "count": 33
        },
        "FPV-Drone.Environment.EpisodeLength.mean": {
            "value": 146.7883597883598,
            "min": 118.72868217054264,
            "max": 226.29931972789115,
            "count": 33
        },
        "FPV-Drone.Environment.EpisodeLength.sum": {
            "value": 27743.0,
            "min": 15316.0,
            "max": 37119.0,
            "count": 33
        },
        "FPV-Drone.Step.mean": {
            "value": 19979920.0,
            "min": 19019830.0,
            "max": 19979920.0,
            "count": 33
        },
        "FPV-Drone.Step.sum": {
            "value": 19979920.0,
            "min": 19019830.0,
            "max": 19979920.0,
            "count": 33
        },
        "FPV-Drone.Policy.ExtrinsicValueEstimate.mean": {
            "value": -0.14516451954841614,
            "min": -0.22115208208560944,
            "max": -0.09953413903713226,
            "count": 33
        },
        "FPV-Drone.Policy.ExtrinsicValueEstimate.sum": {
            "value": -33.823333740234375,
            "min": -55.95147705078125,
            "max": -20.504032135009766,
            "count": 33
        },
        "FPV-Drone.Policy.CuriosityValueEstimate.mean": {
            "value": 0.8394474387168884,
            "min": 0.6641098856925964,
            "max": 0.938484787940979,
            "count": 33
        },
        "FPV-Drone.Policy.CuriosityValueEstimate.sum": {
            "value": 195.59124755859375,
            "min": 130.82965087890625,
            "max": 237.4366455078125,
            "count": 33
        },
        "FPV-Drone.Environment.CumulativeReward.mean": {
            "value": -0.25739258740629467,
            "min": -0.5524666587320658,
            "max": -0.22285791755211157,
            "count": 33
        },
        "FPV-Drone.Environment.CumulativeReward.sum": {
            "value": -48.647199019789696,
            "min": -86.48599902540445,
            "max": -38.850799940526485,
            "count": 33
        },
        "FPV-Drone.Policy.ExtrinsicReward.mean": {
            "value": -0.25739258740629467,
            "min": -0.5524666587320658,
            "max": -0.22285791755211157,
            "count": 33
        },
        "FPV-Drone.Policy.ExtrinsicReward.sum": {
            "value": -48.647199019789696,
            "min": -86.48599902540445,
            "max": -38.850799940526485,
            "count": 33
        },
        "FPV-Drone.Policy.CuriosityReward.mean": {
            "value": 0.43491530098099873,
            "min": 0.0,
            "max": 0.6406182252575416,
            "count": 33
        },
        "FPV-Drone.Policy.CuriosityReward.sum": {
            "value": 82.19899188540876,
            "min": 0.0,
            "max": 99.04382090270519,
            "count": 33
        },
        "FPV-Drone.IsTraining.mean": {
            "value": 1.0,
            "min": 1.0,
            "max": 1.0,
            "count": 33
        },
        "FPV-Drone.IsTraining.sum": {
            "value": 1.0,
            "min": 1.0,
            "max": 1.0,
            "count": 33
        },
        "FPV-Drone.Losses.PolicyLoss.mean": {
            "value": 0.03442996837259216,
            "min": 0.03349530040234185,
            "max": 0.03874164103054909,
            "count": 23
        },
        "FPV-Drone.Losses.PolicyLoss.sum": {
            "value": 0.03442996837259216,
            "min": 0.03349530040234185,
            "max": 0.03874164103054909,
            "count": 23
        },
        "FPV-Drone.Losses.ValueLoss.mean": {
            "value": 0.020910787727916613,
            "min": 0.015411382529418916,
            "max": 0.02272596059483476,
            "count": 23
        },
        "FPV-Drone.Losses.ValueLoss.sum": {
            "value": 0.020910787727916613,
            "min": 0.015411382529418916,
            "max": 0.02272596059483476,
            "count": 23
        },
        "FPV-Drone.Policy.LearningRate.mean": {
            "value": 2.8004720950000292e-08,
            "min": 2.8004720950000292e-08,
            "max": 4.797257036950002e-07,
            "count": 23
        },
        "FPV-Drone.Policy.LearningRate.sum": {
            "value": 2.8004720950000292e-08,
            "min": 2.8004720950000292e-08,
            "max": 4.797257036950002e-07,
            "count": 23
        },
        "FPV-Drone.Policy.Epsilon.mean": {
            "value": 0.10027905000000001,
            "min": 0.10027905000000001,
            "max": 0.104796305,
            "count": 23
        },
        "FPV-Drone.Policy.Epsilon.sum": {
            "value": 0.10027905000000001,
            "min": 0.10027905000000001,
            "max": 0.104796305,
            "count": 23
        },
        "FPV-Drone.Policy.Beta.mean": {
            "value": 1.0251145000000006e-05,
            "min": 1.0251145000000006e-05,
            "max": 1.4316674500000002e-05,
            "count": 23
        },
        "FPV-Drone.Policy.Beta.sum": {
            "value": 1.0251145000000006e-05,
            "min": 1.0251145000000006e-05,
            "max": 1.4316674500000002e-05,
            "count": 23
        },
        "FPV-Drone.Losses.CuriosityForwardLoss.mean": {
            "value": 0.03678912907489575,
            "min": 0.030786891019670293,
            "max": 0.038559939712285995,
            "count": 23
        },
        "FPV-Drone.Losses.CuriosityForwardLoss.sum": {
            "value": 0.03678912907489575,
            "min": 0.030786891019670293,
            "max": 0.038559939712285995,
            "count": 23
        },
        "FPV-Drone.Losses.CuriosityInverseLoss.mean": {
            "value": 0.0845628026057966,
            "min": 0.07096476699225604,
            "max": 0.099082884832751,
            "count": 23
        },
        "FPV-Drone.Losses.CuriosityInverseLoss.sum": {
            "value": 0.0845628026057966,
            "min": 0.07096476699225604,
            "max": 0.099082884832751,
            "count": 23
        }
    },
    "metadata": {
        "timer_format_version": "0.1.0",
        "start_time_seconds": "1732785153",
        "python_version": "3.10.14 | packaged by Anaconda, Inc. | (main, Mar 21 2024, 16:20:14) [MSC v.1916 64 bit (AMD64)]",
        "command_line_arguments": "C:\\Users\\alexu\\miniconda3\\envs\\mlagents\\Scripts\\mlagents-learn config/configPPO.yaml --run-id=PPO_Drone_v1 --resume",
        "mlagents_version": "1.0.0",
        "mlagents_envs_version": "1.0.0",
        "communication_protocol_version": "1.5.0",
        "pytorch_version": "1.13.1+cu117",
        "numpy_version": "1.23.1",
        "end_time_seconds": "1732786568"
    },
    "total": 1414.3749914999999,
    "count": 1,
    "self": 0.015442199999597506,
    "children": {
        "run_training.setup": {
            "total": 0.07975980000003347,
            "count": 1,
            "self": 0.07975980000003347
        },
        "TrainerController.start_learning": {
            "total": 1414.2797895,
            "count": 1,
            "self": 2.2652999999786516,
            "children": {
                "TrainerController._reset_env": {
                    "total": 11.35702550000002,
                    "count": 1,
                    "self": 11.35702550000002
                },