{
    "name": "root",
    "gauges": {
        "FPV-Drone.Policy.Entropy.mean": {
            "value": 0.840661346912384,
            "min": 0.836866021156311,
            "max": 0.9262667298316956,
            "count": 117
        },
        "FPV-Drone.Policy.Entropy.sum": {
            "value": 26216.0234375,
            "min": 16874.70703125,
            "max": 27606.5703125,
            "count": 117
        },
        "FPV-Drone.Environment.LessonNumber.Lesson.mean": {
            "value": 0.0,
            "min": 0.0,
            "max": 0.0,
            "count": 117
        },
        "FPV-Drone.Environment.LessonNumber.Lesson.sum": {
            "value": 0.0,
            "min": 0.0,
            "max": 0.0,
            "count": 117
        },
        "FPV-Drone.Environment.EpisodeLength.mean": {
            "value": 213.20863309352518,
            "min": 189.66666666666666,
            "max": 245.0650406504065,
            "count": 117
        },
        "FPV-Drone.Environment.EpisodeLength.sum": {
            "value": 29636.0,
            "min": 15228.0,
            "max": 30942.0,
            "count": 117
        },
        "FPV-Drone.Step.mean": {
            "value": 19979857.0,
            "min": 16499820.0,
            "max": 19979857.0,
            "count": 117
        },
        "FPV-Drone.Step.sum": {
            "value": 19979857.0,
            "min": 16499820.0,
            "max": 19979857.0,
            "count": 117
        },
        "FPV-Drone.Policy.ExtrinsicValueEstimate.mean": {
            "value": 0.37066563963890076,
            "min": 0.35499307513237,
            "max": 0.4098636209964752,
            "count": 117
        },
        "FPV-Drone.Policy.ExtrinsicValueEstimate.sum": {
            "value": 51.52252197265625,
            "min": 28.884904861450195,
            "max": 64.17594909667969,
            "count": 117
        },
        "FPV-Drone.Policy.CuriosityValueEstimate.mean": {
            "value": 0.3074952960014343,
            "min": 0.25229278206825256,
            "max": 0.3877373933792114,
            "count": 117
        },
        "FPV-Drone.Policy.CuriosityValueEstimate.sum": {
            "value": 42.741844177246094,
            "min": 20.95402717590332,
            "max": 53.50775909423828,
            "count": 117
        },
        "FPV-Drone.Environment.CumulativeReward.mean": {
            "value": 0.8566330980053909,
            "min": 0.8161858193417812,
            "max": 0.8867139295686649,
            "count": 117
        },
        "FPV-Drone.Environment.CumulativeReward.sum": {
            "value": 119.07200062274933,
            "min": 66.02879995107651,
            "max": 140.10080087184906,
            "count": 117
        },
        "FPV-Drone.Policy.ExtrinsicReward.mean": {
            "value": 0.8566330980053909,
            "min": 0.8161858193417812,
            "max": 0.8867139295686649,
            "count": 117
        },
        "FPV-Drone.Policy.ExtrinsicReward.sum": {
            "value": 119.07200062274933,
            "min": 66.02879995107651,
            "max": 140.10080087184906,
            "count": 117
        },
        "FPV-Drone.Policy.CuriosityReward.mean": {
            "value": 0.3347756840663848,
            "min": 0.0,
            "max": 2.291087242047282,
            "count": 117
        },
        "FPV-Drone.Policy.CuriosityReward.sum": {
            "value": 46.53382008522749,
            "min": 0.0,
            "max": 313.87895216047764,
            "count": 117
        },
        "FPV-Drone.IsTraining.mean": {
            "value": 1.0,
            "min": 1.0,
            "max": 1.0,
            "count": 117
        },
        "FPV-Drone.IsTraining.sum": {
            "value": 1.0,
            "min": 1.0,
            "max": 1.0,
            "count": 117
        },
        "FPV-Drone.Losses.PolicyLoss.mean": {
            "value": 0.03634096888637657,
            "min": 0.030933986363478994,
            "max": 0.03634096888637657,
            "count": 8
        },
        "FPV-Drone.Losses.PolicyLoss.sum": {
            "value": 0.03634096888637657,
            "min": 0.030933986363478994,
            "max": 0.03634096888637657,
            "count": 8
        },
        "FPV-Drone.Losses.ValueLoss.mean": {
            "value": 0.004457933018347831,
            "min": 0.004034371970774373,
            "max": 0.012791086887809798,
            "count": 8
        },
        "FPV-Drone.Losses.ValueLoss.sum": {
            "value": 0.004457933018347831,
            "min": 0.004034371970774373,
            "max": 0.012791086887809798,
            "count": 8
        },
        "FPV-Drone.Policy.LearningRate.mean": {
            "value": 3.5587481407999873e-07,
            "min": 3.5587481407999873e-07,
            "max": 4.6579474737899985e-06,
            "count": 8
        },
        "FPV-Drone.Policy.LearningRate.sum": {
            "value": 3.5587481407999873e-07,
            "min": 3.5587481407999873e-07,
            "max": 4.6579474737899985e-06,
            "count": 8
        },
        "FPV-Drone.Policy.Epsilon.mean": {
            "value": 0.10118592000000003,
            "min": 0.10118592000000003,
            "max": 0.11552621000000002,
            "count": 8
        },
        "FPV-Drone.Policy.Epsilon.sum": {
            "value": 0.10118592000000003,
            "min": 0.10118592000000003,
            "max": 0.11552621000000002,
            "count": 8
        },
        "FPV-Drone.Policy.Beta.mean": {
            "value": 1.3439167999999989e-05,
            "min": 1.3439167999999989e-05,
            "max": 5.502600899999998e-05,
            "count": 8
        },
        "FPV-Drone.Policy.Beta.sum": {
            "value": 1.3439167999999989e-05,
            "min": 1.3439167999999989e-05,
            "max": 5.502600899999998e-05,
            "count": 8
        },
        "FPV-Drone.Losses.CuriosityForwardLoss.mean": {
            "value": 0.03424510385724716,
            "min": 0.03424510385724716,
            "max": 0.07479707786580547,
            "count": 8
        },
        "FPV-Drone.Losses.CuriosityForwardLoss.sum": {
            "value": 0.03424510385724716,
            "min": 0.03424510385724716,
            "max": 0.07479707786580547,
            "count": 8
        },
        "FPV-Drone.Losses.CuriosityInverseLoss.mean": {
            "value": 0.050647709582699464,
            "min": 0.050647709582699464,
            "max": 0.05530156366759911,
            "count": 8
        },
        "FPV-Drone.Losses.CuriosityInverseLoss.sum": {
            "value": 0.050647709582699464,
            "min": 0.050647709582699464,
            "max": 0.05530156366759911,
            "count": 8
        }
    },
    "metadata": {
        "timer_format_version": "0.1.0",
        "start_time_seconds": "1735043694",
        "python_version": "3.10.14 | packaged by Anaconda, Inc. | (main, Mar 21 2024, 16:20:14) [MSC v.1916 64 bit (AMD64)]",
        "command_line_arguments": "C:\\Users\\alexu\\miniconda3\\envs\\mlagents\\Scripts\\mlagents-learn config/configPPO.yaml --run-id=Drone_v4 --resume",
        "mlagents_version": "1.0.0",
        "mlagents_envs_version": "1.0.0",
        "communication_protocol_version": "1.5.0",
        "pytorch_version": "1.13.1+cu117",
        "numpy_version": "1.23.1",
        "end_time_seconds": "1735048861"
    },
    "total": 5166.892628000001,
    "count": 1,
    "self": 0.016238200001680525,
    "children": {
        "run_training.setup": {
            "total": 0.08643360000132816,
            "count": 1,
            "self": 0.08643360000132816
        },
        "TrainerController.start_learning": {
            "total": 5166.789956199998,
            "count": 1,
            "self": 2.543910100321227,
            "children": {
                "TrainerController._reset_env": {
                    "total": 9.952302800000325,
                    "count": 1,
                    "self": 9.952302800000325
                },