{
    "name": "root",
    "gauges": {
        "FPV-Drone.Policy.Entropy.mean": {
            "value": 0.029094984754920006,
            "min": 0.025267504155635834,
            "max": 0.029094984754920006,
            "count": 3
        },
        "FPV-Drone.Policy.Entropy.sum": {
            "value": 1743.953369140625,
            "min": 1515.7470703125,
            "max": 1743.953369140625,
            "count": 3
        },
        "FPV-Drone.Environment.EpisodeLength.mean": {
            "value": 210.47297297297297,
            "min": 207.28731343283582,
            "max": 241.23045267489712,
            "count": 3
        },
        "FPV-Drone.Environment.EpisodeLength.sum": {
            "value": 62300.0,
            "min": 55553.0,
            "max": 62300.0,
            "count": 3
        },
        "FPV-Drone.Step.mean": {
            "value": 4979975.0,
            "min": 4859989.0,
            "max": 4979975.0,
            "count": 3
        },
        "FPV-Drone.Step.sum": {
            "value": 4979975.0,
            "min": 4859989.0,
            "max": 4979975.0,
            "count": 3
        },
        "FPV-Drone.Policy.ExtrinsicValueEstimate.mean": {
            "value": 0.263893723487854,
            "min": 0.23196130990982056,
            "max": 0.27398794889450073,
            "count": 3
        },
        "FPV-Drone.Policy.ExtrinsicValueEstimate.sum": {
            "value": 283.421875,
            "min": 242.63153076171875,
            "max": 283.421875,
            "count": 3
        },
        "FPV-Drone.Policy.GailValueEstimate.mean": {
            "value": 5.270956993103027,
            "min": 4.781505107879639,
            "max": 5.270956993103027,
            "count": 3
        },
        "FPV-Drone.Policy.GailValueEstimate.sum": {
            "value": 5661.0078125,
            "min": 5001.45458984375,
            "max": 5661.0078125,
            "count": 3
        },
        "FPV-Drone.Environment.CumulativeReward.mean": {
            "value": 0.6408614819944912,
            "min": 0.639390118680741,
            "max": 0.7068641728429652,
            "count": 3
        },
        "FPV-Drone.Environment.CumulativeReward.sum": {
            "value": 189.6949986703694,
            "min": 155.37179883942008,
            "max": 189.6949986703694,
            "count": 3
        },
        "FPV-Drone.Policy.ExtrinsicReward.mean": {
            "value": 0.6408614819944912,
            "min": 0.639390118680741,
            "max": 0.7068641728429652,
            "count": 3
        },
        "FPV-Drone.Policy.ExtrinsicReward.sum": {
            "value": 189.6949986703694,
            "min": 155.37179883942008,
            "max": 189.6949986703694,
            "count": 3
        },
        "FPV-Drone.Policy.GailReward.mean": {
            "value": 21.97375646603728,
            "min": 21.73720056612314,
            "max": 21.97375646603728,
            "count": 3
        },
        "FPV-Drone.Policy.GailReward.sum": {
            "value": 6504.231913947035,
            "min": 5282.139737567923,
            "max": 6504.231913947035,
            "count": 3
        },
        "FPV-Drone.Losses.PolicyLoss.mean": {
            "value": 0.044439268515356393,
            "min": 0.04415951555806498,
            "max": 0.046256965597811874,
            "count": 3
        },
        "FPV-Drone.Losses.PolicyLoss.sum": {
            "value": 1.2887387869453355,
            "min": 1.2364664356258195,
            "max": 1.2951950367387324,
            "count": 3
        },
        "FPV-Drone.Losses.ValueLoss.mean": {
            "value": 1.9170875456184149,
            "min": 1.570220585657461,
            "max": 1.9249372140814862,
            "count": 3
        },
        "FPV-Drone.Losses.ValueLoss.sum": {
            "value": 55.59553882293403,
            "min": 43.966176398408905,
            "max": 55.59553882293403,
            "count": 3
        },
        "FPV-Drone.Policy.LearningRate.mean": {
            "value": 3.015365891462757e-06,
            "min": 3.015365891462757e-06,
            "max": 1.008192663939e-05,
            "count": 3
        },
        "FPV-Drone.Policy.LearningRate.sum": {
            "value": 8.744561085241996e-05,
            "min": 8.744561085241996e-05,
            "max": 0.00028229394590292,
            "count": 3
        },
        "FPV-Drone.Policy.Epsilon.mean": {
            "value": 0.10100508896551724,
            "min": 0.10100508896551724,
            "max": 0.10336060999999999,
            "count": 3
        },
        "FPV-Drone.Policy.Epsilon.sum": {
            "value": 2.92914758,
            "min": 2.86147024,
            "max": 2.92914758,
            "count": 3
        },
        "FPV-Drone.Policy.Beta.mean": {
            "value": 0.0001104083876551724,
            "min": 0.0001104083876551724,
            "max": 0.0003457249390000001,
            "count": 3
        },
        "FPV-Drone.Policy.Beta.sum": {
            "value": 0.0032018432419999997,
            "min": 0.0032018432419999997,
            "max": 0.009680298292000003,
            "count": 3
        },
        "FPV-Drone.Policy.GAILPolicyEstimate.mean": {
            "value": 0.10359353867584262,
            "min": 0.08953425924742728,
            "max": 0.10359353867584262,
            "count": 3
        },
        "FPV-Drone.Policy.GAILPolicyEstimate.sum": {
            "value": 3.004212621599436,
            "min": 2.5069592589279637,
            "max": 3.004212621599436,
            "count": 3
        },
        "FPV-Drone.Policy.GAILExpertEstimate.mean": {
            "value": 0.900291814543735,
            "min": 0.900291814543735,
            "max": 0.907622736568252,
            "count": 3
        },
        "FPV-Drone.Policy.GAILExpertEstimate.sum": {
            "value": 26.108462621768314,
            "min": 25.293288598457973,
            "max": 26.108462621768314,
            "count": 3
        },
        "FPV-Drone.Losses.GAILLoss.mean": {
            "value": 0.30771000811765936,
            "min": 0.27007433744369164,
            "max": 0.30771000811765936,
            "count": 3
        },
        "FPV-Drone.Losses.GAILLoss.sum": {
            "value": 8.92359023541212,
            "min": 7.562081448423366,
            "max": 8.92359023541212,
            "count": 3
        },
        "FPV-Drone.Policy.GAILGradMagLoss.mean": {
            "value": 0.02622112867839891,
            "min": 0.02622112867839891,
            "max": 0.027674662079551212,
            "count": 3
        },
        "FPV-Drone.Policy.GAILGradMagLoss.sum": {
            "value": 0.7604127316735684,
            "min": 0.7604127316735684,
            "max": 0.7748905382274339,
            "count": 3
        },
        "FPV-Drone.Losses.PretrainingLoss.mean": {
            "value": 0.006773401223483471,
            "min": 0.006773401223483471,
            "max": 0.007739081421513455,
            "count": 3
        },
        "FPV-Drone.Losses.PretrainingLoss.sum": {
            "value": 0.19642863548102066,
            "min": 0.19642863548102066,
            "max": 0.21669427980237674,
            "count": 3
        },
        "FPV-Drone.IsTraining.mean": {
            "value": 1.0,
            "min": 1.0,
            "max": 1.0,
            "count": 3
        },
        "FPV-Drone.IsTraining.sum": {
            "value": 1.0,
            "min": 1.0,
            "max": 1.0,
            "count": 3
        }
    },
    "metadata": {
        "timer_format_version": "0.1.0",
        "start_time_seconds": "1712762122",
        "python_version": "3.10.12 | packaged by Anaconda, Inc. | (main, Jul  5 2023, 19:01:18) [MSC v.1916 64 bit (AMD64)]",
        "command_line_arguments": "E:\\Unity\\mlagents\\Scripts\\mlagents-learn config/FPV-Drone.yaml --run-id=SimpleFPV-Drone-Imitation --resume",
        "mlagents_version": "1.0.0",
        "mlagents_envs_version": "1.0.0",
        "communication_protocol_version": "1.5.0",