{
    "name": "root",
    "gauges": {
        "FPV-Drone.Policy.Entropy.mean": {
            "value": 1.7226265668869019,
            "min": 1.7037975788116455,
            "max": 2.1838581562042236,
            "count": 63
        },
        "FPV-Drone.Policy.Entropy.sum": {
            "value": 103426.5,
            "min": 102175.640625,
            "max": 131118.84375,
            "count": 63
        },
        "FPV-Drone.Environment.EpisodeLength.mean": {
            "value": 75.80872913992297,
            "min": 73.65228426395939,
            "max": 99.50417362270451,
            "count": 63
        },
        "FPV-Drone.Environment.EpisodeLength.sum": {
            "value": 59055.0,
            "min": 58038.0,
            "max": 60386.0,
            "count": 63
        },
        "FPV-Drone.Step.mean": {
            "value": 3779923.0,
            "min": 59979.0,
            "max": 3779923.0,
            "count": 63
        },
        "FPV-Drone.Step.sum": {
            "value": 3779923.0,
            "min": 59979.0,
            "max": 3779923.0,
            "count": 63
        },
        "FPV-Drone.Policy.ExtrinsicValueEstimate.mean": {
            "value": 0.6332090497016907,
            "min": 0.0864248052239418,
            "max": 0.646676242351532,
            "count": 63
        },
        "FPV-Drone.Policy.ExtrinsicValueEstimate.sum": {
            "value": 508.46685791015625,
            "min": 74.06605529785156,
            "max": 526.7593994140625,
            "count": 63
        },
        "FPV-Drone.Policy.CuriosityValueEstimate.mean": {
            "value": 0.05078990012407303,
            "min": -0.16313530504703522,
            "max": 0.4134591519832611,
            "count": 63
        },
        "FPV-Drone.Policy.CuriosityValueEstimate.sum": {
            "value": 40.7842903137207,
            "min": -131.487060546875,
            "max": 310.5078125,
            "count": 63
        },
        "FPV-Drone.Environment.CumulativeReward.mean": {
            "value": 0.8977956407068629,
            "min": 0.0022908664923377018,
            "max": 0.9135509607968507,
            "count": 63
        },
        "FPV-Drone.Environment.CumulativeReward.sum": {
            "value": 699.3828041106462,
            "min": 1.7800032645463943,
            "max": 723.3196037262678,
            "count": 63
        },
        "FPV-Drone.Policy.ExtrinsicReward.mean": {
            "value": 0.8977956407068629,
            "min": 0.0022908664923377018,
            "max": 0.9135509607968507,
            "count": 63
        },
        "FPV-Drone.Policy.ExtrinsicReward.sum": {
            "value": 699.3828041106462,
            "min": 1.7800032645463943,
            "max": 723.3196037262678,
            "count": 63
        },
        "FPV-Drone.Policy.CuriosityReward.mean": {
            "value": 0.06502928287125598,
            "min": 0.059146045696023164,
            "max": 0.19474438715011763,
            "count": 63
        },
        "FPV-Drone.Policy.CuriosityReward.sum": {
            "value": 50.65781135670841,
            "min": 46.961960282642394,
            "max": 151.3163888156414,
            "count": 63
        },
        "FPV-Drone.Losses.PolicyLoss.mean": {
            "value": 0.06706500580222041,
            "min": 0.06520641563700323,
            "max": 0.07160236562244215,
            "count": 63
        },
        "FPV-Drone.Losses.PolicyLoss.sum": {
            "value": 1.8778201624621715,
            "min": 1.8645581748178721,
            "max": 2.0764686030508224,
            "count": 63
        },
        "FPV-Drone.Losses.ValueLoss.mean": {
            "value": 0.007780871013459372,
            "min": 0.0063020892749548136,
            "max": 0.050529625717206816,
            "count": 63
        },
        "FPV-Drone.Losses.ValueLoss.sum": {
            "value": 0.2178643883768624,
            "min": 0.17645849969873478,
            "max": 1.4148295200817909,
            "count": 63
        },
        "FPV-Drone.Policy.LearningRate.mean": {
            "value": 2.499766574512857e-06,
            "min": 2.499766574512857e-06,
            "max": 9.939488676547859e-06,
            "count": 63
        },
        "FPV-Drone.Policy.LearningRate.sum": {
            "value": 6.999346408636e-05,
            "min": 6.999346408636e-05,
            "max": 0.00028478373816314003,
            "count": 63
        },
        "FPV-Drone.Policy.Epsilon.mean": {
            "value": 0.12499691571428571,
            "min": 0.12499691571428571,
            "max": 0.19939488071428574,
            "count": 63
        },
        "FPV-Drone.Policy.Epsilon.sum": {
            "value": 3.49991364,
            "min": 3.49991364,
            "max": 5.7478368600000005,
            "count": 63
        },
        "FPV-Drone.Policy.Beta.mean": {
            "value": 0.0025071918798571435,
            "min": 0.0025071918798571435,
            "max": 0.009939548583357143,
            "count": 63
        },
        "FPV-Drone.Policy.Beta.sum": {
            "value": 0.07020137263600001,
            "min": 0.07020137263600001,
            "max": 0.284788902314,
            "count": 63
        },
        "FPV-Drone.Losses.CuriosityForwardLoss.mean": {
            "value": 0.04296377402940943,
            "min": 0.040574487468666647,
            "max": 0.11522742892460278,
            "count": 63
        },
        "FPV-Drone.Losses.CuriosityForwardLoss.sum": {
            "value": 1.202985672823464,
            "min": 1.1633396368706599,
            "max": 3.2263680098888776,
            "count": 63
        },
        "FPV-Drone.Losses.CuriosityInverseLoss.mean": {
            "value": 0.08329807808262384,
            "min": 0.08089282142363713,
            "max": 0.2817050630082598,
            "count": 63
        },
        "FPV-Drone.Losses.CuriosityInverseLoss.sum": {
            "value": 2.3323461863134676,
            "min": 2.3323461863134676,
            "max": 7.887741764231275,
            "count": 63
        },
        "FPV-Drone.IsTraining.mean": {
            "value": 1.0,
            "min": 1.0,
            "max": 1.0,
            "count": 63
        },
        "FPV-Drone.IsTraining.sum": {
            "value": 1.0,
            "min": 1.0,
            "max": 1.0,
            "count": 63
        }
    },
    "metadata": {
        "timer_format_version": "0.1.0",
        "start_time_seconds": "1713714807",
        "python_version": "3.10.14 | packaged by Anaconda, Inc. | (main, Mar 21 2024, 16:20:14) [MSC v.1916 64 bit (AMD64)]",
        "command_line_arguments": "C:\\Users\\alexu\\miniconda3\\envs\\mlagents\\Scripts\\mlagents-learn config/ppo/FPV-Drone.yaml --initialize-from=Drone_Ray_PPO --run-id=Drone_Ray_PPO_2",
        "mlagents_version": "1.0.0",
        "mlagents_envs_version": "1.0.0",
        "communication_protocol_version": "1.5.0",
        "pytorch_version": "1.13.1+cu117",
        "numpy_version": "1.23.1",
        "end_time_seconds": "1713724164"
    },
    "total": 9356.611497499998,
    "count": 1,
    "self": 0.007817699992301641,
    "children": {
        "run_training.setup": {
            "total": 0.06802710000192747,
            "count": 1,
            "self": 0.06802710000192747
        },
        "TrainerController.start_learning": {
            "total": 9356.535652700004,
            "count": 1,
            "self": 7.650812199426582,
            "children": {
                "TrainerController._reset_env": {
                    "total": 8.334967200000392,
                    "count": 1,
                    "self": 8.334967200000392
                },
                "TrainerController.advance": {
                    "total": 9340.430201600571,
                    "count": 501355,
                    "self": 7.194389798463817,
                    "children": {
                        "env_step": {
                            "total": 5974.858397103966,
                            "count": 501355,