{
    "name": "root",
    "gauges": {
        "FPV-Drone.Policy.Entropy.mean": {
            "value": 1.6378220319747925,
            "min": 1.5077472925186157,
            "max": 2.080953359603882,
            "count": 19
        },
        "FPV-Drone.Policy.Entropy.sum": {
            "value": 49080.61328125,
            "min": 46069.21875,
            "max": 63627.2265625,
            "count": 19
        },
        "FPV-Drone.Environment.EpisodeLength.mean": {
            "value": 61.27160493827161,
            "min": 56.26908396946565,
            "max": 107.12456747404845,
            "count": 19
        },
        "FPV-Drone.Environment.EpisodeLength.sum": {
            "value": 29778.0,
            "min": 26906.0,
            "max": 30974.0,
            "count": 19
        },
        "FPV-Drone.Step.mean": {
            "value": 569983.0,
            "min": 29952.0,
            "max": 569983.0,
            "count": 19
        },
        "FPV-Drone.Step.sum": {
            "value": 569983.0,
            "min": 29952.0,
            "max": 569983.0,
            "count": 19
        },
        "FPV-Drone.Policy.ExtrinsicValueEstimate.mean": {
            "value": 0.6132664084434509,
            "min": -0.5530498623847961,
            "max": 0.6132664084434509,
            "count": 19
        },
        "FPV-Drone.Policy.ExtrinsicValueEstimate.sum": {
            "value": 299.88726806640625,
            "min": -289.2450866699219,
            "max": 299.88726806640625,
            "count": 19
        },
        "FPV-Drone.Policy.CuriosityValueEstimate.mean": {
            "value": 0.8848066926002502,
            "min": 0.792286217212677,
            "max": 2.0664167404174805,
            "count": 19
        },
        "FPV-Drone.Policy.CuriosityValueEstimate.sum": {
            "value": 432.67047119140625,
            "min": 264.48883056640625,
            "max": 973.2822875976562,
            "count": 19
        },
        "FPV-Drone.Environment.CumulativeReward.mean": {
            "value": 0.7533641975112413,
            "min": -0.8769739975664858,
            "max": 0.7584705631776806,
            "count": 19
        },
        "FPV-Drone.Environment.CumulativeReward.sum": {
            "value": 366.13499999046326,
            "min": -458.65740072727203,
            "max": 366.13499999046326,
            "count": 19
        },
        "FPV-Drone.Policy.ExtrinsicReward.mean": {
            "value": 0.7533641975112413,
            "min": -0.8769739975664858,
            "max": 0.7584705631776806,
            "count": 19
        },
        "FPV-Drone.Policy.ExtrinsicReward.sum": {
            "value": 366.13499999046326,
            "min": -458.65740072727203,
            "max": 366.13499999046326,
            "count": 19
        },
        "FPV-Drone.Policy.CuriosityReward.mean": {
            "value": 0.3892276091846051,
            "min": 0.37548564101903986,
            "max": 0.9833695168058527,
            "count": 19
        },
        "FPV-Drone.Policy.CuriosityReward.sum": {
            "value": 189.16461806371808,
            "min": 173.4743661507964,
            "max": 282.22705132327974,
            "count": 19
        },
        "FPV-Drone.Losses.PolicyLoss.mean": {
            "value": 0.06780464494552577,
            "min": 0.06529991082924157,
            "max": 0.07230188278198198,
            "count": 19
        },
        "FPV-Drone.Losses.PolicyLoss.sum": {
            "value": 1.0170696741828864,
            "min": 0.9198294783588322,
            "max": 1.0528192165254495,
            "count": 19
        },
        "FPV-Drone.Losses.ValueLoss.mean": {
            "value": 0.020987559639996378,
            "min": 0.020987559639996378,
            "max": 0.06062100834900602,
            "count": 19
        },
        "FPV-Drone.Losses.ValueLoss.sum": {
            "value": 0.3148133945999457,
            "min": 0.31187337730564957,
            "max": 0.8608673760512222,
            "count": 19
        },
        "FPV-Drone.Policy.LearningRate.mean": {
            "value": 0.000283345403551534,
            "min": 0.000283345403551534,
            "max": 0.0002995327244414728,
            "count": 19
        },
        "FPV-Drone.Policy.LearningRate.sum": {
            "value": 0.00425018105327301,
            "min": 0.003979646803451089,
            "max": 0.00446625850124717,
            "count": 19
        },
        "FPV-Drone.Policy.Epsilon.mean": {
            "value": 0.10000000000000002,
            "min": 0.09999999999999999,
            "max": 0.10000000000000002,
            "count": 19
        },
        "FPV-Drone.Policy.Epsilon.sum": {
            "value": 1.5000000000000002,
            "min": 1.4,
            "max": 1.5000000000000002,
            "count": 19
        },
        "FPV-Drone.Policy.Beta.mean": {
            "value": 0.0009450398134000001,
            "min": 0.0009450398134000001,
            "max": 0.0009984579901428571,
            "count": 19
        },
        "FPV-Drone.Policy.Beta.sum": {
            "value": 0.014175597201000001,
            "min": 0.013272834209,
            "max": 0.014888653017000002,
            "count": 19
        },
        "FPV-Drone.Losses.CuriosityForwardLoss.mean": {
            "value": 0.05877592331102861,
            "min": 0.05807532542104721,
            "max": 0.09289952614459636,
            "count": 19
        },
        "FPV-Drone.Losses.CuriosityForwardLoss.sum": {
            "value": 0.8816388496654292,
            "min": 0.8130545558946609,
            "max": 1.3934928921689453,
            "count": 19
        },
        "FPV-Drone.Losses.CuriosityInverseLoss.mean": {
            "value": 0.17377666324084887,
            "min": 0.15766790448679274,
            "max": 0.2756662891740784,
            "count": 19
        },
        "FPV-Drone.Losses.CuriosityInverseLoss.sum": {
            "value": 2.606649948612733,
            "min": 2.2073506628150983,
            "max": 4.134994337611176,
            "count": 19
        },
        "FPV-Drone.IsTraining.mean": {
            "value": 1.0,
            "min": 1.0,
            "max": 1.0,
            "count": 19
        },
        "FPV-Drone.IsTraining.sum": {
            "value": 1.0,
            "min": 1.0,
            "max": 1.0,
            "count": 19
        }
    },
    "metadata": {
        "timer_format_version": "0.1.0",
        "start_time_seconds": "1716543830",
        "python_version": "3.10.14 | packaged by Anaconda, Inc. | (main, Mar 21 2024, 16:20:14) [MSC v.1916 64 bit (AMD64)]",
        "command_line_arguments": "C:\\Users\\alexu\\miniconda3\\envs\\mlagents\\Scripts\\mlagents-learn config/FPV-DroneDefault.yaml --initialize-from=RaycastFPV-Drone_1 --run-id=RaycastFPV-Drone_2",
        "mlagents_version": "1.0.0",
        "mlagents_envs_version": "1.0.0",
        "communication_protocol_version": "1.5.0",
        "pytorch_version": "1.13.1+cu117",
        "numpy_version": "1.23.1",
        "end_time_seconds": "1716544875"
    },
    "total": 1044.9540354,
    "count": 1,
    "self": 0.008493100000123377,
    "children": {
        "run_training.setup": {
            "total": 0.08443000000079337,
            "count": 1,
            "self": 0.08443000000079337
        },
        "TrainerController.start_learning": {
            "total": 1044.8611122999991,
            "count": 1,
            "self": 0.6555081999631511,
            "children": {
                "TrainerController._reset_env": {
                    "total": 25.875395899998693,
                    "count": 1,
                    "self": 25.875395899998693
                },
                "TrainerController.advance": {
                    "total": 1018.1943311000359,
                    "count": 32281,
                    "self": 0.6932390001402382,
                    "children": {
                        "env_step": {
                            "total": 444.24334979980085,
                            "count": 32281,