{
    "name": "root",
    "gauges": {
        "FPV-Drone.Policy.Entropy.mean": {
            "value": 0.2565399706363678,
            "min": 0.2565399706363678,
            "max": 0.3747051954269409,
            "count": 273
        },
        "FPV-Drone.Policy.Entropy.sum": {
            "value": 7755.97265625,
            "min": 7617.82861328125,
            "max": 11243.982421875,
            "count": 273
        },
        "FPV-Drone.Environment.LessonNumber.Lesson.mean": {
            "value": 0.0,
            "min": 0.0,
            "max": 0.0,
            "count": 273
        },
        "FPV-Drone.Environment.LessonNumber.Lesson.sum": {
            "value": 0.0,
            "min": 0.0,
            "max": 0.0,
            "count": 273
        },
        "FPV-Drone.Environment.EpisodeLength.mean": {
            "value": 225.66101694915255,
            "min": 179.52173913043478,
            "max": 288.7844827586207,
            "count": 273
        },
        "FPV-Drone.Environment.EpisodeLength.sum": {
            "value": 26628.0,
            "min": 20645.0,
            "max": 34597.0,
            "count": 273
        },
        "FPV-Drone.Step.mean": {
            "value": 19979918.0,
            "min": 11819798.0,
            "max": 19979918.0,
            "count": 273
        },
        "FPV-Drone.Step.sum": {
            "value": 19979918.0,
            "min": 11819798.0,
            "max": 19979918.0,
            "count": 273
        },
        "FPV-Drone.Policy.ExtrinsicValueEstimate.mean": {
            "value": 0.35413309931755066,
            "min": 0.3185681402683258,
            "max": 0.3909151256084442,
            "count": 273
        },
        "FPV-Drone.Policy.ExtrinsicValueEstimate.sum": {
            "value": 46.745567321777344,
            "min": 36.78958511352539,
            "max": 59.84136962890625,
            "count": 273
        },
        "FPV-Drone.Policy.CuriosityValueEstimate.mean": {
            "value": 0.10079804062843323,
            "min": 0.08751098066568375,
            "max": 0.21790435910224915,
            "count": 273
        },
        "FPV-Drone.Policy.CuriosityValueEstimate.sum": {
            "value": 13.305341720581055,
            "min": 11.95737361907959,
            "max": 30.198898315429688,
            "count": 273
        },
        "FPV-Drone.Environment.CumulativeReward.mean": {
            "value": 0.8651663903929606,
            "min": 0.7069000024949351,
            "max": 0.8783020440007554,
            "count": 273
        },
        "FPV-Drone.Environment.CumulativeReward.sum": {
            "value": 102.95480045676231,
            "min": 82.27380111813545,
            "max": 129.11040046811104,
            "count": 273
        },
        "FPV-Drone.Policy.ExtrinsicReward.mean": {
            "value": 0.8651663903929606,
            "min": 0.7069000024949351,
            "max": 0.8783020440007554,
            "count": 273
        },
        "FPV-Drone.Policy.ExtrinsicReward.sum": {
            "value": 102.95480045676231,
            "min": 82.27380111813545,
            "max": 129.11040046811104,
            "count": 273
        },
        "FPV-Drone.Policy.CuriosityReward.mean": {
            "value": 0.1358220486142555,
            "min": 0.0,
            "max": 0.3574272133556642,
            "count": 273
        },
        "FPV-Drone.Policy.CuriosityReward.sum": {
            "value": 16.162823785096407,
            "min": 0.0,
            "max": 45.39325609616935,
            "count": 273
        },
        "FPV-Drone.IsTraining.mean": {
            "value": 1.0,
            "min": 1.0,
            "max": 1.0,
            "count": 273
        },
        "FPV-Drone.IsTraining.sum": {
            "value": 1.0,
            "min": 1.0,
            "max": 1.0,
            "count": 273
        },
        "FPV-Drone.Losses.PolicyLoss.mean": {
            "value": 0.03381252812678213,
            "min": 0.031093075694877827,
            "max": 0.03903016539056807,
            "count": 198
        },
        "FPV-Drone.Losses.PolicyLoss.sum": {
            "value": 0.03381252812678213,
            "min": 0.031093075694877827,
            "max": 0.03903016539056807,
            "count": 198
        },
        "FPV-Drone.Losses.ValueLoss.mean": {
            "value": 0.005656413482211064,
            "min": 0.004004360361432191,
            "max": 0.020983460675051902,
            "count": 198
        },
        "FPV-Drone.Losses.ValueLoss.sum": {
            "value": 0.005656413482211064,
            "min": 0.004004360361432191,
            "max": 0.020983460675051902,
            "count": 198
        },
        "FPV-Drone.Policy.LearningRate.mean": {
            "value": 8.953420188499964e-08,
            "min": 8.953420188499964e-08,
            "max": 1.2241103196520004e-05,
            "count": 198
        },
        "FPV-Drone.Policy.LearningRate.sum": {
            "value": 8.953420188499964e-08,
            "min": 8.953420188499964e-08,
            "max": 1.2241103196520004e-05,
            "count": 198
        },
        "FPV-Drone.Policy.Epsilon.mean": {
            "value": 0.1001490575,
            "min": 0.1001490575,
            "max": 0.12040174000000001,
            "count": 198
        },
        "FPV-Drone.Policy.Epsilon.sum": {
            "value": 0.1001490575,
            "min": 0.1001490575,
            "max": 0.12040174000000001,
            "count": 198
        },
        "FPV-Drone.Policy.Beta.mean": {
            "value": 1.02683035e-05,
            "min": 1.02683035e-05,
            "max": 4.6723132e-05,
            "count": 198
        },
        "FPV-Drone.Policy.Beta.sum": {
            "value": 1.02683035e-05,
            "min": 1.02683035e-05,
            "max": 4.6723132e-05,
            "count": 198
        },
        "FPV-Drone.Losses.CuriosityForwardLoss.mean": {
            "value": 0.015500763463205659,
            "min": 0.012573790297028608,
            "max": 0.11151296469033696,
            "count": 198
        },
        "FPV-Drone.Losses.CuriosityForwardLoss.sum": {
            "value": 0.015500763463205659,
            "min": 0.012573790297028608,
            "max": 0.11151296469033696,
            "count": 198
        },
        "FPV-Drone.Losses.CuriosityInverseLoss.mean": {
            "value": 0.020716347682173362,
            "min": 0.01854673435591394,
            "max": 0.07429141764296218,
            "count": 198
        },
        "FPV-Drone.Losses.CuriosityInverseLoss.sum": {
            "value": 0.020716347682173362,
            "min": 0.01854673435591394,
            "max": 0.07429141764296218,
            "count": 198
        }
    },
    "metadata": {
        "timer_format_version": "0.1.0",
        "start_time_seconds": "1734252530",
        "python_version": "3.10.14 | packaged by Anaconda, Inc. | (main, Mar 21 2024, 16:20:14) [MSC v.1916 64 bit (AMD64)]",
        "command_line_arguments": "C:\\Users\\alexu\\miniconda3\\envs\\mlagents\\Scripts\\mlagents-learn config/configPPO.yaml --run-id=PPO_Drone_v6 --resume",
        "mlagents_version": "1.0.0",
        "mlagents_envs_version": "1.0.0",
        "communication_protocol_version": "1.5.0",
        "pytorch_version": "1.13.1+cu117",
        "numpy_version": "1.23.1",
        "end_time_seconds": "1734264220"
    },
    "total": 11690.002036999998,
    "count": 1,
    "self": 0.015841199998249067,
    "children": {
        "run_training.setup": {
            "total": 0.09160780000001978,
            "count": 1,
            "self": 0.09160780000001978
        },
        "TrainerController.start_learning": {
            "total": 11689.894588,
            "count": 1,
            "self": 4.590621499783083,
            "children": {
                "TrainerController._reset_env": {
                    "total": 9.425614999999993,
                    "count": 1,
                    "self": 9.425614999999993
                },