{
    "name": "root",
    "gauges": {
        "FPV-Drone.Policy.Entropy.mean": {
            "value": 1.6037836074829102,
            "min": 1.6037836074829102,
            "max": 2.201260805130005,
            "count": 16
        },
        "FPV-Drone.Policy.Entropy.sum": {
            "value": 96098.7109375,
            "min": 96098.7109375,
            "max": 126145.2578125,
            "count": 16
        },
        "FPV-Drone.Environment.EpisodeLength.mean": {
            "value": 62.70775770456961,
            "min": 62.66135881104034,
            "max": 70.88157894736842,
            "count": 16
        },
        "FPV-Drone.Environment.EpisodeLength.sum": {
            "value": 59008.0,
            "min": 48483.0,
            "max": 59224.0,
            "count": 16
        },
        "FPV-Drone.Step.mean": {
            "value": 2279989.0,
            "min": 1379967.0,
            "max": 2279989.0,
            "count": 16
        },
        "FPV-Drone.Step.sum": {
            "value": 2279989.0,
            "min": 1379967.0,
            "max": 2279989.0,
            "count": 16
        },
        "FPV-Drone.Policy.ExtrinsicValueEstimate.mean": {
            "value": 0.6929107904434204,
            "min": 0.6071522235870361,
            "max": 0.7042461633682251,
            "count": 16
        },
        "FPV-Drone.Policy.ExtrinsicValueEstimate.sum": {
            "value": 654.1077880859375,
            "min": 416.5064392089844,
            "max": 661.285400390625,
            "count": 16
        },
        "FPV-Drone.Policy.CuriosityValueEstimate.mean": {
            "value": 0.21825802326202393,
            "min": 0.18163971602916718,
            "max": 0.2862973213195801,
            "count": 16
        },
        "FPV-Drone.Policy.CuriosityValueEstimate.sum": {
            "value": 206.0355682373047,
            "min": 141.75485229492188,
            "max": 264.5387268066406,
            "count": 16
        },
        "FPV-Drone.Environment.CumulativeReward.mean": {
            "value": 0.9282140230360557,
            "min": 0.8545165514221652,
            "max": 0.9442162259527155,
            "count": 16
        },
        "FPV-Drone.Environment.CumulativeReward.sum": {
            "value": 874.3776096999645,
            "min": 583.6348046213388,
            "max": 874.3776096999645,
            "count": 16
        },
        "FPV-Drone.Policy.ExtrinsicReward.mean": {
            "value": 0.9282140230360557,
            "min": 0.8545165514221652,
            "max": 0.9442162259527155,
            "count": 16
        },
        "FPV-Drone.Policy.ExtrinsicReward.sum": {
            "value": 874.3776096999645,
            "min": 583.6348046213388,
            "max": 874.3776096999645,
            "count": 16
        },
        "FPV-Drone.Policy.CuriosityReward.mean": {
            "value": 0.0501529969519198,
            "min": 0.050035314523711835,
            "max": 0.07328803936840413,
            "count": 16
        },
        "FPV-Drone.Policy.CuriosityReward.sum": {
            "value": 47.24412312870845,
            "min": 47.133266281336546,
            "max": 61.00750016793609,
            "count": 16
        },
        "FPV-Drone.Losses.PolicyLoss.mean": {
            "value": 0.06810622939586722,
            "min": 0.06597192483775527,
            "max": 0.07127939728857399,
            "count": 16
        },
        "FPV-Drone.Losses.PolicyLoss.sum": {
            "value": 1.9750806524801494,
            "min": 1.639426137637202,
            "max": 2.0063882536148108,
            "count": 16
        },
        "FPV-Drone.Losses.ValueLoss.mean": {
            "value": 0.005950159046513927,
            "min": 0.003741692801281454,
            "max": 0.013157130967885969,
            "count": 16
        },
        "FPV-Drone.Losses.ValueLoss.sum": {
            "value": 0.1725546123489039,
            "min": 0.10850909123716217,
            "max": 0.3086134971799766,
            "count": 16
        },
        "FPV-Drone.Policy.LearningRate.mean": {
            "value": 5.50116898876e-06,
            "min": 5.50116898876e-06,
            "max": 7.287848600046087e-06,
            "count": 16
        },
        "FPV-Drone.Policy.LearningRate.sum": {
            "value": 0.00015953390067404,
            "min": 0.00015735981041416,
            "max": 0.00020820511595702002,
            "count": 16
        },
        "FPV-Drone.Policy.Epsilon.mean": {
            "value": 0.15501124000000002,
            "min": 0.15501124000000002,
            "max": 0.1728782147826087,
            "count": 16
        },
        "FPV-Drone.Policy.Epsilon.sum": {
            "value": 4.495325960000001,
            "min": 3.97619894,
            "max": 4.982042979999999,
            "count": 16
        },
        "FPV-Drone.Policy.Beta.mean": {
            "value": 0.005505622876000002,
            "min": 0.005505622876000002,
            "max": 0.007290533656782609,
            "count": 16
        },
        "FPV-Drone.Policy.Beta.sum": {
            "value": 0.15966306340400005,
            "min": 0.15748122541600001,
            "max": 0.20828609370200002,
            "count": 16
        },
        "FPV-Drone.Losses.CuriosityForwardLoss.mean": {
            "value": 0.03932312196227669,
            "min": 0.03932312196227669,
            "max": 0.05357532544007551,
            "count": 16
        },
        "FPV-Drone.Losses.CuriosityForwardLoss.sum": {
            "value": 1.140370536906024,
            "min": 1.1217684279351186,
            "max": 1.4536752318575354,
            "count": 16
        },
        "FPV-Drone.Losses.CuriosityInverseLoss.mean": {
            "value": 0.14471927985559677,
            "min": 0.14471927985559677,
            "max": 0.23419002803258493,
            "count": 16
        },
        "FPV-Drone.Losses.CuriosityInverseLoss.sum": {
            "value": 4.196859115812306,
            "min": 4.056013462754588,
            "max": 6.49752209164823,
            "count": 16
        },
        "FPV-Drone.IsTraining.mean": {
            "value": 1.0,
            "min": 1.0,
            "max": 1.0,
            "count": 16
        },
        "FPV-Drone.IsTraining.sum": {
            "value": 1.0,
            "min": 1.0,
            "max": 1.0,
            "count": 16
        }
    },
    "metadata": {
        "timer_format_version": "0.1.0",
        "start_time_seconds": "1713710577",
        "python_version": "3.10.14 | packaged by Anaconda, Inc. | (main, Mar 21 2024, 16:20:14) [MSC v.1916 64 bit (AMD64)]",
        "command_line_arguments": "C:\\Users\\alexu\\miniconda3\\envs\\mlagents\\Scripts\\mlagents-learn config/ppo/FPV-Drone.yaml --run-id=Drone_Ray_PPO --resume",
        "mlagents_version": "1.0.0",
        "mlagents_envs_version": "1.0.0",
        "communication_protocol_version": "1.5.0",
        "pytorch_version": "1.13.1+cu117",
        "numpy_version": "1.23.1",
        "end_time_seconds": "1713712688"
    },
    "total": 2111.6410546999978,
    "count": 1,
    "self": 0.005018999996536877,
    "children": {
        "run_training.setup": {
            "total": 0.0782193000013649,
            "count": 1,
            "self": 0.0782193000013649
        },
        "TrainerController.start_learning": {
            "total": 2111.5578164,
            "count": 1,
            "self": 1.9404587000426545,
            "children": {
                "TrainerController._reset_env": {
                    "total": 8.448115999999573,
                    "count": 1,
                    "self": 8.448115999999573
                },
                "TrainerController.advance": {
                    "total": 2101.062218399955,
                    "count": 126030,
                    "self": 1.8558482010485022,
                    "children": {
                        "env_step": {
                            "total": 1225.254267699398,
                            "count": 126030,
                            "self": 724.3436382,