{
    "name": "root",
    "gauges": {
        "FPV-Drone.Policy.Entropy.mean": {
            "value": 1.889448881149292,
            "min": 1.8834017515182495,
            "max": 2.4140820503234863,
            "count": 200
        },
        "FPV-Drone.Policy.Entropy.sum": {
            "value": 56490.7421875,
            "min": 33263.828125,
            "max": 75681.46875,
            "count": 200
        },
        "FPV-Drone.Environment.LessonNumber.Lesson.mean": {
            "value": 2.0,
            "min": 2.0,
            "max": 2.0,
            "count": 200
        },
        "FPV-Drone.Environment.LessonNumber.Lesson.sum": {
            "value": 2.0,
            "min": 2.0,
            "max": 2.0,
            "count": 200
        },
        "FPV-Drone.Environment.EpisodeLength.mean": {
            "value": 95.59163987138264,
            "min": 95.59163987138264,
            "max": 194.6883116883117,
            "count": 200
        },
        "FPV-Drone.Environment.EpisodeLength.sum": {
            "value": 29729.0,
            "min": 10200.0,
            "max": 30821.0,
            "count": 200
        },
        "FPV-Drone.Step.mean": {
            "value": 19979996.0,
            "min": 14009937.0,
            "max": 19979996.0,
            "count": 200
        },
        "FPV-Drone.Step.sum": {
            "value": 19979996.0,
            "min": 14009937.0,
            "max": 19979996.0,
            "count": 200
        },
        "FPV-Drone.Policy.ExtrinsicValueEstimate.mean": {
            "value": 0.332215279340744,
            "min": 0.013599596917629242,
            "max": 0.34344837069511414,
            "count": 200
        },
        "FPV-Drone.Policy.ExtrinsicValueEstimate.sum": {
            "value": 103.31895446777344,
            "min": 3.0943515300750732,
            "max": 103.31895446777344,
            "count": 200
        },
        "FPV-Drone.Policy.CuriosityValueEstimate.mean": {
            "value": 0.4299893379211426,
            "min": 0.4299893379211426,
            "max": 0.8254896402359009,
            "count": 200
        },
        "FPV-Drone.Policy.CuriosityValueEstimate.sum": {
            "value": 133.7266845703125,
            "min": 52.310298919677734,
            "max": 196.890625,
            "count": 200
        },
        "FPV-Drone.Environment.CumulativeReward.mean": {
            "value": 0.5888045046873798,
            "min": -0.17101982441441765,
            "max": 0.6569945015448475,
            "count": 200
        },
        "FPV-Drone.Environment.CumulativeReward.sum": {
            "value": 183.11820095777512,
            "min": -39.6765992641449,
            "max": 191.21060055494308,
            "count": 200
        },
        "FPV-Drone.Policy.ExtrinsicReward.mean": {
            "value": 0.5888045046873798,
            "min": -0.17101982441441765,
            "max": 0.6569945015448475,
            "count": 200
        },
        "FPV-Drone.Policy.ExtrinsicReward.sum": {
            "value": 183.11820095777512,
            "min": -39.6765992641449,
            "max": 191.21060055494308,
            "count": 200
        },
        "FPV-Drone.Policy.CuriosityReward.mean": {
            "value": 0.13053879093893855,
            "min": 0.0,
            "max": 0.2653904973419123,
            "count": 200
        },
        "FPV-Drone.Policy.CuriosityReward.sum": {
            "value": 40.59756398200989,
            "min": 0.0,
            "max": 50.294962890446186,
            "count": 200
        },
        "FPV-Drone.IsTraining.mean": {
            "value": 1.0,
            "min": 1.0,
            "max": 1.0,
            "count": 200
        },
        "FPV-Drone.IsTraining.sum": {
            "value": 1.0,
            "min": 1.0,
            "max": 1.0,
            "count": 200
        },
        "FPV-Drone.Losses.PolicyLoss.mean": {
            "value": 0.035275985040996716,
            "min": 0.03437557758763905,
            "max": 0.036263995762191144,
            "count": 14
        },
        "FPV-Drone.Losses.PolicyLoss.sum": {
            "value": 0.035275985040996716,
            "min": 0.03437557758763905,
            "max": 0.036263995762191144,
            "count": 14
        },
        "FPV-Drone.Losses.ValueLoss.mean": {
            "value": 0.018873636829084717,
            "min": 0.018873636829084717,
            "max": 0.038945435356581584,
            "count": 14
        },
        "FPV-Drone.Losses.ValueLoss.sum": {
            "value": 0.018873636829084717,
            "min": 0.018873636829084717,
            "max": 0.038945435356581584,
            "count": 14
        },
        "FPV-Drone.Policy.LearningRate.mean": {
            "value": 3.971006766599985e-07,
            "min": 3.971006766599985e-07,
            "max": 8.385661548035001e-06,
            "count": 14
        },
        "FPV-Drone.Policy.LearningRate.sum": {
            "value": 3.971006766599985e-07,
            "min": 3.971006766599985e-07,
            "max": 8.385661548035001e-06,
            "count": 14
        },
        "FPV-Drone.Policy.Epsilon.mean": {
            "value": 0.10132334,
            "min": 0.10132334,
            "max": 0.12795196500000003,
            "count": 14
        },
        "FPV-Drone.Policy.Epsilon.sum": {
            "value": 0.10132334,
            "min": 0.10132334,
            "max": 0.12795196500000003,
            "count": 14
        },
        "FPV-Drone.Policy.Beta.mean": {
            "value": 1.1191005999999996e-05,
            "min": 1.1191005999999996e-05,
            "max": 3.515676850000001e-05,
            "count": 14
        },
        "FPV-Drone.Policy.Beta.sum": {
            "value": 1.1191005999999996e-05,
            "min": 1.1191005999999996e-05,
            "max": 3.515676850000001e-05,
            "count": 14
        },
        "FPV-Drone.Losses.CuriosityForwardLoss.mean": {
            "value": 0.06239492273773067,
            "min": 0.05809284074930474,
            "max": 0.06402886839117855,
            "count": 14
        },
        "FPV-Drone.Losses.CuriosityForwardLoss.sum": {
            "value": 0.06239492273773067,
            "min": 0.05809284074930474,
            "max": 0.06402886839117855,
            "count": 14
        },
        "FPV-Drone.Losses.CuriosityInverseLoss.mean": {
            "value": 0.1589659473625943,
            "min": 0.1589659473625943,
            "max": 0.22190630099736153,
            "count": 14
        },
        "FPV-Drone.Losses.CuriosityInverseLoss.sum": {
            "value": 0.1589659473625943,
            "min": 0.1589659473625943,
            "max": 0.22190630099736153,
            "count": 14
        }
    },
    "metadata": {
        "timer_format_version": "0.1.0",
        "start_time_seconds": "1734505588",
        "python_version": "3.10.14 | packaged by Anaconda, Inc. | (main, Mar 21 2024, 16:20:14) [MSC v.1916 64 bit (AMD64)]",
        "command_line_arguments": "C:\\Users\\alexu\\miniconda3\\envs\\mlagents\\Scripts\\mlagents-learn config/configPPO.yaml --run-id=Drone_v1 --resume",
        "mlagents_version": "1.0.0",
        "mlagents_envs_version": "1.0.0",
        "communication_protocol_version": "1.5.0",
        "pytorch_version": "1.13.1+cu117",
        "numpy_version": "1.23.1",
        "end_time_seconds": "1734515791"
    },
    "total": 10202.7018024,
    "count": 1,
    "self": 0.01386859999911394,
    "children": {
        "run_training.setup": {
            "total": 0.08788619999998559,
            "count": 1,
            "self": 0.08788619999998559
        },
        "TrainerController.start_learning": {
            "total": 10202.6000476,
            "count": 1,
            "self": 13.639657900264865,
            "children": {
                "TrainerController._reset_env": {
                    "total": 11.245356699999974,
                    "count": 1,
                    "self": 11.245356699999974
                },