{
    "name": "root",
    "gauges": {
        "FPV-Drone.Policy.Entropy.mean": {
            "value": 2.584372043609619,
            "min": 2.584372043609619,
            "max": 3.1316778659820557,
            "count": 34
        },
        "FPV-Drone.Policy.Entropy.sum": {
            "value": 77071.140625,
            "min": 77071.140625,
            "max": 96079.875,
            "count": 34
        },
        "FPV-Drone.Environment.EpisodeLength.mean": {
            "value": 78.96774193548387,
            "min": 76.83896103896105,
            "max": 553.4509803921569,
            "count": 34
        },
        "FPV-Drone.Environment.EpisodeLength.sum": {
            "value": 29376.0,
            "min": 26668.0,
            "max": 32890.0,
            "count": 34
        },
        "FPV-Drone.Step.mean": {
            "value": 1019978.0,
            "min": 29844.0,
            "max": 1019978.0,
            "count": 34
        },
        "FPV-Drone.Step.sum": {
            "value": 1019978.0,
            "min": 29844.0,
            "max": 1019978.0,
            "count": 34
        },
        "FPV-Drone.Policy.ExtrinsicValueEstimate.mean": {
            "value": 0.5941663980484009,
            "min": -0.082023024559021,
            "max": 0.5990751385688782,
            "count": 34
        },
        "FPV-Drone.Policy.ExtrinsicValueEstimate.sum": {
            "value": 225.18905639648438,
            "min": -11.811315536499023,
            "max": 225.18905639648438,
            "count": 34
        },
        "FPV-Drone.Policy.RndValueEstimate.mean": {
            "value": 0.027410075068473816,
            "min": -0.11538010835647583,
            "max": 0.06664454191923141,
            "count": 34
        },
        "FPV-Drone.Policy.RndValueEstimate.sum": {
            "value": 10.388418197631836,
            "min": -32.99871063232422,
            "max": 21.392898559570312,
            "count": 34
        },
        "FPV-Drone.Environment.CumulativeReward.mean": {
            "value": 0.8181946278419546,
            "min": -0.6153923030942678,
            "max": 0.8382516629251607,
            "count": 34
        },
        "FPV-Drone.Environment.CumulativeReward.sum": {
            "value": 304.3684015572071,
            "min": -64.00079952180386,
            "max": 304.3684015572071,
            "count": 34
        },
        "FPV-Drone.Policy.ExtrinsicReward.mean": {
            "value": 0.8181946278419546,
            "min": -0.6153923030942678,
            "max": 0.8382516629251607,
            "count": 34
        },
        "FPV-Drone.Policy.ExtrinsicReward.sum": {
            "value": 304.3684015572071,
            "min": -64.00079952180386,
            "max": 304.3684015572071,
            "count": 34
        },
        "FPV-Drone.Policy.RndReward.mean": {
            "value": 0.003975162226881992,
            "min": 0.003975162226881992,
            "max": 0.23187370532272886,
            "count": 34
        },
        "FPV-Drone.Policy.RndReward.sum": {
            "value": 1.478760348400101,
            "min": 1.43939369454165,
            "max": 24.1148653535638,
            "count": 34
        },
        "FPV-Drone.Losses.PolicyLoss.mean": {
            "value": 0.06578796391431752,
            "min": 0.06306119819960763,
            "max": 0.07105498697795892,
            "count": 34
        },
        "FPV-Drone.Losses.PolicyLoss.sum": {
            "value": 0.9210314948004452,
            "min": 0.8851382440043737,
            "max": 1.0513786279285946,
            "count": 34
        },
        "FPV-Drone.Losses.ValueLoss.mean": {
            "value": 0.01052560359953315,
            "min": 0.004593469840208706,
            "max": 0.017702277360686344,
            "count": 34
        },
        "FPV-Drone.Losses.ValueLoss.sum": {
            "value": 0.1473584503934641,
            "min": 0.06430857776292188,
            "max": 0.24783188304960882,
            "count": 34
        },
        "FPV-Drone.Policy.LearningRate.mean": {
            "value": 0.0002698554571910414,
            "min": 0.0002698554571910414,
            "max": 0.0002995402686147823,
            "count": 34
        },
        "FPV-Drone.Policy.LearningRate.sum": {
            "value": 0.0037779764006745796,
            "min": 0.0037779764006745796,
            "max": 0.00437173015275663,
            "count": 34
        },
        "FPV-Drone.Policy.Epsilon.mean": {
            "value": 0.1899518157142857,
            "min": 0.1899518157142857,
            "max": 0.19984675615384614,
            "count": 34
        },
        "FPV-Drone.Policy.Epsilon.sum": {
            "value": 2.65932542,
            "min": 2.59800783,
            "max": 2.9572433700000005,
            "count": 34
        },
        "FPV-Drone.Policy.Beta.mean": {
            "value": 0.008996186389857141,
            "min": 0.008996186389857141,
            "max": 0.009984690939769232,
            "count": 34
        },
        "FPV-Drone.Policy.Beta.sum": {
            "value": 0.125946609458,
            "min": 0.125946609458,
            "max": 0.145728612663,
            "count": 34
        },
        "FPV-Drone.Losses.RNDLoss.mean": {
            "value": 0.004643546883016825,
            "min": 0.004527847748249769,
            "max": 0.06524402648210526,
            "count": 34
        },
        "FPV-Drone.Losses.RNDLoss.sum": {
            "value": 0.06500965356826782,
            "min": 0.06490638852119446,
            "max": 0.8481723666191101,
            "count": 34
        },
        "FPV-Drone.IsTraining.mean": {
            "value": 1.0,
            "min": 1.0,
            "max": 1.0,
            "count": 34
        },
        "FPV-Drone.IsTraining.sum": {
            "value": 1.0,
            "min": 1.0,
            "max": 1.0,
            "count": 34
        }
    },
    "metadata": {
        "timer_format_version": "0.1.0",
        "start_time_seconds": "1719599882",
        "python_version": "3.10.14 | packaged by Anaconda, Inc. | (main, Mar 21 2024, 16:20:14) [MSC v.1916 64 bit (AMD64)]",
        "command_line_arguments": "C:\\Users\\alexu\\miniconda3\\envs\\mlagents\\Scripts\\mlagents-learn config/FPV-DroneDefault.yaml --initialize-from=Basic_Drone --run-id=Basic_Drone_1",
        "mlagents_version": "1.0.0",
        "mlagents_envs_version": "1.0.0",
        "communication_protocol_version": "1.5.0",
        "pytorch_version": "1.13.1+cu117",
        "numpy_version": "1.23.1",
        "end_time_seconds": "1719601977"
    },
    "total": 2094.2854703999983,
    "count": 1,
    "self": 0.005380000002332963,
    "children": {
        "run_training.setup": {
            "total": 0.09385209999891231,
            "count": 1,
            "self": 0.09385209999891231
        },
        "TrainerController.start_learning": {
            "total": 2094.186238299997,
            "count": 1,
            "self": 1.6222200998236076,
            "children": {
                "TrainerController._reset_env": {
                    "total": 7.160016400004679,
                    "count": 1,
                    "self": 7.160016400004679
                },
                "TrainerController.advance": {
                    "total": 2085.2771544001807,
                    "count": 85098,
                    "self": 1.6627094020877848,
                    "children": {
                        "env_step": {
                            "total": 1270.5481643990279,
                            "count": 85098,
                            "self": 865.6087445983576,
                            "children": {
                                "SubprocessEnvManager._take_step": {
                                    "total": 403.92004590040597,
                                    "count": 85098,
                                    "self": 5.328742202043941,