{"count":1,"self":52.977647999999995,"total":53.5095186,"children":{"InitializeActuators":{"count":1,"self":0.0010027999999999999,"total":0.0010027999999999999,"children":null},"InitializeSensors":{"count":1,"self":0.0010058,"total":0.0010058,"children":null},"AgentSendState":{"count":2408,"self":0.0356332,"total":0.4811484,"children":{"CollectObservations":{"count":2408,"self":0.0050091,"total":0.0050091,"children":null},"WriteActionMask":{"count":2408,"self":0.0030149,"total":0.0030149,"children":null},"RequestDecision":{"count":2408,"self":0.43749119999999997,"total":0.43749119999999997,"children":null}}},"DecideAction":{"count":2408,"self":0.037030799999999996,"total":0.037030799999999996,"children":null},"AgentAct":{"count":2408,"self":0.011175299999999999,"total":0.011175299999999999,"children":null}},"gauges":{},"metadata":{"timer_format_version":"0.1.0","start_time_seconds":"1710786662","unity_version":"2022.3.10f1","command_line_arguments":"C:\\Program Files\\Unity\\Hub\\Editor\\2022.3.10f1\\Editor\\Unity.exe -projectpath E:\\Unity\\ML-Drones -useHub -hubIPC -cloudEnvironment production","communication_protocol_version":"1.5.0","com.unity.ml-agents_version":"3.0.0-exp.1","scene_name":"SampleScene","end_time_seconds":"1710786716"}}