{"count":1,"self":761.8894336,"total":4165.5010739,"children":{"InitializeActuators":{"count":33,"self":0.0010002,"total":0.0010002,"children":null},"InitializeSensors":{"count":33,"self":0.0038504,"total":0.0038504,"children":null},"AgentSendState":{"count":226067,"self":221.549568,"total":654.3370692,"children":{"CollectObservations":{"count":2486748,"self":175.58133759999998,"total":175.5813374,"children":null},"WriteActionMask":{"count":2486748,"self":5.2451599999999994,"total":5.2451598,"children":null},"RequestDecision":{"count":2486748,"self":23.5074768,"total":251.960997,"children":{"AgentInfo.ToProto":{"count":2486748,"self":13.619288,"total":228.4535209,"children":{"GenerateSensorData":{"count":2486748,"self":180.3055616,"total":214.83423349999998,"children":{"RayPerceptionSensor.Perceive":{"count":12433740,"self":34.528675199999995,"total":34.528673999999995,"children":null}}}}}}}}},"DecideAction":{"count":226067,"self":2725.7966592,"total":2725.7967289,"children":null},"AgentAct":{"count":226067,"self":6.2547011999999995,"total":6.2547013,"children":null},"AgentInfo.ToProto":{"count":96742,"self":1.7058202,"total":17.217786,"children":{"GenerateSensorData":{"count":96742,"self":13.9813408,"total":15.511965799999999,"children":{"RayPerceptionSensor.Perceive":{"count":483710,"self":1.5306246,"total":1.5306246,"children":null}}}}}},"gauges":{"FPV-Drone.CumulativeReward":{"count":96742,"max":1.98160255,"min":-2.024804,"runningAverage":0.0594009459,"value":-1.0068,"weightedAverage":-1.0068121}},"metadata":{"timer_format_version":"0.1.0","start_time_seconds":"1729364999","unity_version":"2022.3.43f1","command_line_arguments":"C:\\Program Files\\Unity\\Hub\\Editor\\2022.3.43f1\\Editor\\Unity.exe -projectpath E:\\Unity\\ML-Drones -useHub -hubIPC -cloudEnvironment production","communication_protocol_version":"1.5.0","com.unity.ml-agents_version":"3.0.0-exp.1","scene_name":"TrainingScene","end_time_seconds":"1729369164"}}