{"count":1,"self":19.5811216,"total":139.6356906,"children":{"InitializeActuators":{"count":21,"self":0.0031772,"total":0.0031772,"children":null},"InitializeSensors":{"count":21,"self":0.0045071999999999994,"total":0.0045071999999999994,"children":null},"AgentSendState":{"count":11384,"self":5.3947224,"total":21.401673199999998,"children":{"CollectObservations":{"count":79695,"self":2.524618,"total":2.5246179,"children":null},"WriteActionMask":{"count":79695,"self":0.15631499999999998,"total":0.15631499999999998,"children":null},"RequestDecision":{"count":79695,"self":0.7401314,"total":13.326018099999999,"children":{"AgentInfo.ToProto":{"count":79695,"self":0.5625114,"total":12.5858867,"children":{"GenerateSensorData":{"count":79695,"self":11.2247408,"total":12.0233753,"children":{"RayPerceptionSensor.Perceive":{"count":239085,"self":0.7986348,"total":0.7986348,"children":null}}}}}}}}},"DecideAction":{"count":11384,"self":98.333728,"total":98.3337311,"children":null},"AgentAct":{"count":11384,"self":0.2199952,"total":0.2199952,"children":null},"AgentInfo.ToProto":{"count":693,"self":0.0115727,"total":0.0904842,"children":{"GenerateSensorData":{"count":693,"self":0.071390399999999993,"total":0.0789115,"children":{"RayPerceptionSensor.Perceive":{"count":2079,"self":0.0075210999999999993,"total":0.0075210999999999993,"children":null}}}}}},"gauges":{"FPV-Drone.CumulativeReward":{"count":693,"max":0.973400056,"min":-2.15842628,"runningAverage":-0.994067,"value":0.949000061,"weightedAverage":-0.553769}},"metadata":{"timer_format_version":"0.1.0","start_time_seconds":"1720804680","unity_version":"2022.3.24f1","command_line_arguments":"C:\\Program Files\\Unity\\Hub\\Editor\\2022.3.24f1\\Editor\\Unity.exe -projectpath E:\\Unity\\ML-Drones -useHub -hubIPC -cloudEnvironment production","communication_protocol_version":"1.5.0","com.unity.ml-agents_version":"3.0.0-exp.1","scene_name":"TrainingScene","end_time_seconds":"1720804820"}}