{"count":1,"self":6943.7980671999994,"total":32616.395230399998,"children":{"InitializeActuators":{"count":23,"self":0.0015095999999999998,"total":0.0015095999999999998,"children":null},"InitializeSensors":{"count":23,"self":0.0034365999999999997,"total":0.0034365999999999997,"children":null},"AgentSendState":{"count":2609517,"self":1973.0128895999999,"total":5969.5774827,"children":{"CollectObservations":{"count":20006343,"self":1193.4020607999998,"total":1193.4020398,"children":null},"WriteActionMask":{"count":20006343,"self":43.5059456,"total":43.5059459,"children":null},"RequestDecision":{"count":20006343,"self":205.0553728,"total":2759.6566868,"children":{"AgentInfo.ToProto":{"count":20006343,"self":128.2913024,"total":2554.601315,"children":{"GenerateSensorData":{"count":20006343,"self":2141.2298751999997,"total":2426.3100126,"children":{"RayPerceptionSensor.Perceive":{"count":100031715,"self":285.08021759999997,"total":285.0802185,"children":null}}}}}}}}},"DecideAction":{"count":2609517,"self":19630.4928768,"total":19630.4921377,"children":null},"AgentAct":{"count":2609517,"self":56.2683392,"total":56.4110723,"children":{"AgentInfo.ToProto":{"count":1267,"self":0.016919899999999998,"total":0.1427313,"children":{"GenerateSensorData":{"count":1267,"self":0.095313399999999993,"total":0.1258114,"children":{"RayPerceptionSensor.Perceive":{"count":6335,"self":0.030497999999999997,"total":0.030497999999999997,"children":null}}}}}}},"AgentInfo.ToProto":{"count":144457,"self":2.5000427999999997,"total":16.1072795,"children":{"GenerateSensorData":{"count":144457,"self":11.212004,"total":13.607236799999999,"children":{"RayPerceptionSensor.Perceive":{"count":722285,"self":2.3952324,"total":2.3952325,"children":null}}}}}},"gauges":{"FPV-Drone.CumulativeReward":{"count":145724,"max":1.969804,"min":-2.988764,"runningAverage":0.116724916,"value":-1.125801,"weightedAverage":-1.10579014}},"metadata":{"timer_format_version":"0.1.0","start_time_seconds":"1729925342","unity_version":"2022.3.43f1","command_line_arguments":"C:\\Program Files\\Unity\\Hub\\Editor\\2022.3.43f1\\Editor\\Unity.exe -projectpath E:\\Unity\\ML-Drones -useHub -hubIPC -cloudEnvironment production","communication_protocol_version":"1.5.0","com.unity.ml-agents_version":"3.0.0-exp.1","scene_name":"TrainingScene","end_time_seconds":"1729957958"}}