{"count":1,"self":306.14464,"total":2088.0675072999998,"children":{"InitializeActuators":{"count":13,"self":0.0010042999999999999,"total":0.0010042999999999999,"children":null},"InitializeSensors":{"count":13,"self":0.0030042999999999997,"total":0.0030042999999999997,"children":null},"AgentSendState":{"count":236034,"self":75.779264,"total":214.9953847,"children":{"CollectObservations":{"count":1022814,"self":4.382752,"total":4.3827522,"children":null},"WriteActionMask":{"count":1022814,"self":1.9635242,"total":1.9635242,"children":null},"RequestDecision":{"count":1022814,"self":9.0608752,"total":132.86984329999999,"children":{"AgentInfo.ToProto":{"count":1022814,"self":7.1707464,"total":123.80896849999999,"children":{"GenerateSensorData":{"count":1022814,"self":106.17568,"total":116.63822189999999,"children":{"RayPerceptionSensor.Perceive":{"count":3068442,"self":10.4625392,"total":10.462539399999999,"children":null}}}}}}}}},"DecideAction":{"count":236034,"self":1562.5244672,"total":1562.5245008,"children":null},"AgentAct":{"count":236034,"self":3.4697267999999997,"total":3.4697267,"children":{"AgentInfo.ToProto":{"count":4,"self":0,"total":0,"children":{"GenerateSensorData":{"count":4,"self":0,"total":0,"children":{"RayPerceptionSensor.Perceive":{"count":12,"self":0,"total":0,"children":null}}}}}}},"AgentInfo.ToProto":{"count":9942,"self":0.1618223,"total":0.92824469999999992,"children":{"GenerateSensorData":{"count":9942,"self":0.643231,"total":0.7664224,"children":{"RayPerceptionSensor.Perceive":{"count":29826,"self":0.12319139999999999,"total":0.12319139999999999,"children":null}}}}}},"gauges":{"FPV-Drone.CumulativeReward":{"count":9946,"max":1.96860421,"min":-2.638906,"runningAverage":0.676956,"value":0.961,"weightedAverage":0.738777041}},"metadata":{"timer_format_version":"0.1.0","start_time_seconds":"1719599889","unity_version":"2022.3.24f1","command_line_arguments":"C:\\Program Files\\Unity\\Hub\\Editor\\2022.3.24f1\\Editor\\Unity.exe -projectpath E:\\Unity\\ML-Drones -useHub -hubIPC -cloudEnvironment production","communication_protocol_version":"1.5.0","com.unity.ml-agents_version":"3.0.0-exp.1","scene_name":"TrainingScene","end_time_seconds":"1719601977"}}