{"count":1,"self":202.2447616,"total":1757.3460509,"children":{"InitializeActuators":{"count":29,"self":0.0010065,"total":0.0010065,"children":null},"InitializeSensors":{"count":29,"self":0.0045685,"total":0.0045685,"children":null},"AgentSendState":{"count":121617,"self":86.3077824,"total":319.48249519999996,"children":{"CollectObservations":{"count":1175631,"self":56.667359999999995,"total":56.6673579,"children":null},"WriteActionMask":{"count":1175631,"self":2.3942816,"total":2.3942817,"children":null},"RequestDecision":{"count":1175631,"self":11.1369176,"total":174.1130753,"children":{"AgentInfo.ToProto":{"count":1175631,"self":8.0326536,"total":162.9761577,"children":{"GenerateSensorData":{"count":1175631,"self":142.4699264,"total":154.9435043,"children":{"RayPerceptionSensor.Perceive":{"count":3526893,"self":12.473574399999999,"total":12.4735742,"children":null}}}}}}}}},"DecideAction":{"count":121617,"self":1231.4231808,"total":1231.4232298,"children":null},"AgentAct":{"count":121617,"self":3.1175444,"total":3.1175444999999997,"children":null},"AgentInfo.ToProto":{"count":14007,"self":0.25771279999999996,"total":1.0714515,"children":{"GenerateSensorData":{"count":14007,"self":0.6279731,"total":0.81373869999999993,"children":{"RayPerceptionSensor.Perceive":{"count":42021,"self":0.1857656,"total":0.1857656,"children":null}}}}}},"gauges":{"FPV-Drone.CumulativeReward":{"count":14007,"max":1.97380352,"min":-2.02140355,"runningAverage":0.882834852,"value":0.967600048,"weightedAverage":0.939048052}},"metadata":{"timer_format_version":"0.1.0","start_time_seconds":"1720634456","unity_version":"2022.3.24f1","command_line_arguments":"C:\\Program Files\\Unity\\Hub\\Editor\\2022.3.24f1\\Editor\\Unity.exe -projectpath E:\\Unity\\ML-Drones -useHub -hubIPC -cloudEnvironment production","communication_protocol_version":"1.5.0","com.unity.ml-agents_version":"3.0.0-exp.1","scene_name":"TrainingScene","end_time_seconds":"1720636213"}}