{"count":1,"self":80.410489599999991,"total":665.160142,"children":{"InitializeActuators":{"count":31,"self":0.00099739999999999985,"total":0.00099739999999999985,"children":null},"InitializeSensors":{"count":31,"self":0.0042965,"total":0.0042965,"children":null},"AgentSendState":{"count":43284,"self":35.218911999999996,"total":126.00670509999999,"children":{"CollectObservations":{"count":447268,"self":10.0903496,"total":10.0903499,"children":null},"WriteActionMask":{"count":447268,"self":0.9156746,"total":0.9156746,"children":null},"RequestDecision":{"count":447268,"self":4.2951572,"total":79.78176719999999,"children":{"AgentInfo.ToProto":{"count":447268,"self":2.8749064,"total":75.4866101,"children":{"GenerateSensorData":{"count":447268,"self":66.4157376,"total":72.6117038,"children":{"RayPerceptionSensor.Perceive":{"count":2236340,"self":6.195964,"total":6.1959637999999995,"children":null}}}}}}}}},"DecideAction":{"count":43284,"self":457.2150784,"total":457.21507199999996,"children":null},"AgentAct":{"count":43284,"self":1.1066554,"total":1.1066554,"children":null},"AgentInfo.ToProto":{"count":5059,"self":0.0881685,"total":0.4154172,"children":{"GenerateSensorData":{"count":5059,"self":0.2544918,"total":0.3272487,"children":{"RayPerceptionSensor.Perceive":{"count":25295,"self":0.0727569,"total":0.0727569,"children":null}}}}}},"gauges":{"FPV-Drone.CumulativeReward":{"count":5059,"max":1.94880688,"min":-1.18040192,"runningAverage":0.906175,"value":0.8969994,"weightedAverage":0.937295854}},"metadata":{"timer_format_version":"0.1.0","start_time_seconds":"1723140376","unity_version":"2022.3.24f1","command_line_arguments":"C:\\Program Files\\Unity\\Hub\\Editor\\2022.3.24f1\\Editor\\Unity.exe -projectpath E:\\Unity\\ML-Drones -useHub -hubIPC -cloudEnvironment production","communication_protocol_version":"1.5.0","com.unity.ml-agents_version":"3.0.0-exp.1","scene_name":"TrainingScene","end_time_seconds":"1723141041"}}