{
    "name": "root",
    "gauges": {
        "FPV-Drone.Policy.Entropy.mean": {
            "value": 2.2557828426361084,
            "min": 2.2270874977111816,
            "max": 2.5856010913848877,
            "count": 13
        },
        "FPV-Drone.Policy.Entropy.sum": {
            "value": 66978.703125,
            "min": 43293.3046875,
            "max": 76125.34375,
            "count": 13
        },
        "FPV-Drone.Environment.EpisodeLength.mean": {
            "value": 51.808098591549296,
            "min": 50.577319587628864,
            "max": 68.37182448036951,
            "count": 13
        },
        "FPV-Drone.Environment.EpisodeLength.sum": {
            "value": 29427.0,
            "min": 15456.0,
            "max": 30047.0,
            "count": 13
        },
        "FPV-Drone.Step.mean": {
            "value": 1469969.0,
            "min": 1109989.0,
            "max": 1469969.0,
            "count": 13
        },
        "FPV-Drone.Step.sum": {
            "value": 1469969.0,
            "min": 1109989.0,
            "max": 1469969.0,
            "count": 13
        },
        "FPV-Drone.Policy.ExtrinsicValueEstimate.mean": {
            "value": 0.7137351632118225,
            "min": 0.5891823768615723,
            "max": 0.7180857062339783,
            "count": 13
        },
        "FPV-Drone.Policy.ExtrinsicValueEstimate.sum": {
            "value": 408.9702453613281,
            "min": 136.10113525390625,
            "max": 408.9702453613281,
            "count": 13
        },
        "FPV-Drone.Policy.RndValueEstimate.mean": {
            "value": 0.1958431452512741,
            "min": 0.004394392017275095,
            "max": 0.1958431452512741,
            "count": 13
        },
        "FPV-Drone.Policy.RndValueEstimate.sum": {
            "value": 112.21812438964844,
            "min": 2.4213099479675293,
            "max": 112.21812438964844,
            "count": 13
        },
        "FPV-Drone.Environment.CumulativeReward.mean": {
            "value": 0.9231658422348785,
            "min": 0.8208137248076645,
            "max": 0.9271417889577239,
            "count": 13
        },
        "FPV-Drone.Environment.CumulativeReward.sum": {
            "value": 524.358198389411,
            "min": 188.75040028989315,
            "max": 524.358198389411,
            "count": 13
        },
        "FPV-Drone.Policy.ExtrinsicReward.mean": {
            "value": 0.9231658422348785,
            "min": 0.8208137248076645,
            "max": 0.9271417889577239,
            "count": 13
        },
        "FPV-Drone.Policy.ExtrinsicReward.sum": {
            "value": 524.358198389411,
            "min": 188.75040028989315,
            "max": 524.358198389411,
            "count": 13
        },
        "FPV-Drone.Policy.RndReward.mean": {
            "value": 5.0929849831544756e-05,
            "min": 5.022887637981065e-05,
            "max": 9.932641004300319e-05,
            "count": 13
        },
        "FPV-Drone.Policy.RndReward.sum": {
            "value": 0.02892815470431742,
            "min": 0.016567028937970463,
            "max": 0.04300833554862038,
            "count": 13
        },
        "FPV-Drone.Losses.PolicyLoss.mean": {
            "value": 0.06665153087167364,
            "min": 0.0643360864773751,
            "max": 0.06888815655674664,
            "count": 13
        },
        "FPV-Drone.Losses.PolicyLoss.sum": {
            "value": 0.9331214322034309,
            "min": 0.47854824993434397,
            "max": 1.012466625706035,
            "count": 13
        },
        "FPV-Drone.Losses.ValueLoss.mean": {
            "value": 0.010526062161218198,
            "min": 0.00629769796035328,
            "max": 0.018012239193055953,
            "count": 13
        },
        "FPV-Drone.Losses.ValueLoss.sum": {
            "value": 0.14736487025705478,
            "min": 0.08737868567792853,
            "max": 0.25217134870278335,
            "count": 13
        },
        "FPV-Drone.Policy.LearningRate.mean": {
            "value": 8.5454926687945e-05,
            "min": 8.5454926687945e-05,
            "max": 8.897878387837e-05,
            "count": 13
        },
        "FPV-Drone.Policy.LearningRate.sum": {
            "value": 0.00119636897363123,
            "min": 0.00062285148714859,
            "max": 0.0013312169287832403,
            "count": 13
        },
        "FPV-Drone.Policy.Epsilon.mean": {
            "value": 0.18545491214285717,
            "min": 0.18545491214285717,
            "max": 0.18897877285714287,
            "count": 13
        },
        "FPV-Drone.Policy.Epsilon.sum": {
            "value": 2.59636877,
            "min": 1.3228514100000002,
            "max": 2.8312167599999998,
            "count": 13
        },
        "FPV-Drone.Policy.Beta.mean": {
            "value": 0.008546945723071428,
            "min": 0.008546945723071428,
            "max": 0.008898979408428572,
            "count": 13
        },
        "FPV-Drone.Policy.Beta.sum": {
            "value": 0.11965724012299998,
            "min": 0.062292855859000004,
            "max": 0.13313855432399999,
            "count": 13
        },
        "FPV-Drone.Losses.RNDLoss.mean": {
            "value": 0.0008356459438800812,
            "min": 0.0008356459438800812,
            "max": 0.0010794970439746976,
            "count": 13
        },
        "FPV-Drone.Losses.RNDLoss.sum": {
            "value": 0.011699043214321136,
            "min": 0.006659890525043011,
            "max": 0.01619245484471321,
            "count": 13
        },
        "FPV-Drone.IsTraining.mean": {
            "value": 1.0,
            "min": 1.0,
            "max": 1.0,
            "count": 13
        },
        "FPV-Drone.IsTraining.sum": {
            "value": 1.0,
            "min": 1.0,
            "max": 1.0,
            "count": 13
        }
    },
    "metadata": {
        "timer_format_version": "0.1.0",
        "start_time_seconds": "1719838974",
        "python_version": "3.10.14 | packaged by Anaconda, Inc. | (main, Mar 21 2024, 16:20:14) [MSC v.1916 64 bit (AMD64)]",
        "command_line_arguments": "C:\\Users\\alexu\\miniconda3\\envs\\mlagents\\Scripts\\mlagents-learn config/FPV-Drone.yaml --run-id=FPV-Drone_4 --resume",
        "mlagents_version": "1.0.0",
        "mlagents_envs_version": "1.0.0",
        "communication_protocol_version": "1.5.0",
        "pytorch_version": "1.13.1+cu117",
        "numpy_version": "1.23.1",
        "end_time_seconds": "1719839792"
    },
    "total": 818.7136588000003,
    "count": 1,
    "self": 0.006319499999335676,
    "children": {
        "run_training.setup": {
            "total": 0.08627760000035778,
            "count": 1,
            "self": 0.08627760000035778
        },
        "TrainerController.start_learning": {
            "total": 818.6210617000006,
            "count": 1,
            "self": 0.6588688998617727,
            "children": {
                "TrainerController._reset_env": {
                    "total": 13.33476200000041,
                    "count": 1,
                    "self": 13.33476200000041
                },
                "TrainerController.advance": {
                    "total": 804.4701966001385,
                    "count": 33596,
                    "self": 0.666048599808164,
                    "children": {
                        "env_step": {
                            "total": 499.2079347001363,
                            "count": 33596,
                            "self": 349.4045038997565,
                            "children": {
                                "SubprocessEnvManager._take_step": {
                                    "total": 149.38589280031192,
                                    "count": 33596,
                                    "self": 1.9864583003291045,