{
    "name": "root",
    "gauges": {
        "FPV-Drone.Policy.Entropy.mean": {
            "value": 0.779678225517273,
            "min": 0.6769243478775024,
            "max": 0.9439753293991089,
            "count": 311
        },
        "FPV-Drone.Policy.Entropy.sum": {
            "value": 23465.1953125,
            "min": 20126.9921875,
            "max": 28911.580078125,
            "count": 311
        },
        "FPV-Drone.Environment.LessonNumber.Lesson.mean": {
            "value": 4.0,
            "min": 4.0,
            "max": 4.0,
            "count": 311
        },
        "FPV-Drone.Environment.LessonNumber.Lesson.sum": {
            "value": 4.0,
            "min": 4.0,
            "max": 4.0,
            "count": 311
        },
        "FPV-Drone.Environment.EpisodeLength.mean": {
            "value": 338.3875,
            "min": 169.679012345679,
            "max": 642.0508474576271,
            "count": 311
        },
        "FPV-Drone.Environment.EpisodeLength.sum": {
            "value": 27071.0,
            "min": 13744.0,
            "max": 41287.0,
            "count": 311
        },
        "FPV-Drone.Step.mean": {
            "value": 19979938.0,
            "min": 10679991.0,
            "max": 19979938.0,
            "count": 311
        },
        "FPV-Drone.Step.sum": {
            "value": 19979938.0,
            "min": 10679991.0,
            "max": 19979938.0,
            "count": 311
        },
        "FPV-Drone.Policy.ExtrinsicValueEstimate.mean": {
            "value": 0.13137556612491608,
            "min": -0.05088481679558754,
            "max": 0.22732289135456085,
            "count": 311
        },
        "FPV-Drone.Policy.ExtrinsicValueEstimate.sum": {
            "value": 20.888713836669922,
            "min": -7.327413558959961,
            "max": 37.20741271972656,
            "count": 311
        },
        "FPV-Drone.Policy.CuriosityValueEstimate.mean": {
            "value": 0.12458431720733643,
            "min": 0.06701579689979553,
            "max": 0.23673036694526672,
            "count": 311
        },
        "FPV-Drone.Policy.CuriosityValueEstimate.sum": {
            "value": 19.80890655517578,
            "min": 9.650275230407715,
            "max": 39.2972412109375,
            "count": 311
        },
        "FPV-Drone.Environment.CumulativeReward.mean": {
            "value": 0.23394000753760338,
            "min": -0.3322115285465351,
            "max": 0.47359211625237213,
            "count": 311
        },
        "FPV-Drone.Environment.CumulativeReward.sum": {
            "value": 18.71520060300827,
            "min": -17.274999484419823,
            "max": 41.033200681209564,
            "count": 311
        },
        "FPV-Drone.Policy.ExtrinsicReward.mean": {
            "value": 0.23394000753760338,
            "min": -0.3322115285465351,
            "max": 0.47359211625237213,
            "count": 311
        },
        "FPV-Drone.Policy.ExtrinsicReward.sum": {
            "value": 18.71520060300827,
            "min": -17.274999484419823,
            "max": 41.033200681209564,
            "count": 311
        },
        "FPV-Drone.Policy.CuriosityReward.mean": {
            "value": 0.3735308869276196,
            "min": 0.0,
            "max": 1.3391963926325035,
            "count": 311
        },
        "FPV-Drone.Policy.CuriosityReward.sum": {
            "value": 29.882470954209566,
            "min": 0.0,
            "max": 96.42214026954025,
            "count": 311
        },
        "FPV-Drone.IsTraining.mean": {
            "value": 1.0,
            "min": 1.0,
            "max": 1.0,
            "count": 311
        },
        "FPV-Drone.IsTraining.sum": {
            "value": 1.0,
            "min": 1.0,
            "max": 1.0,
            "count": 311
        },
        "FPV-Drone.Losses.PolicyLoss.mean": {
            "value": 0.03593521481116113,
            "min": 0.03134637461080274,
            "max": 0.041146828446380825,
            "count": 226
        },
        "FPV-Drone.Losses.PolicyLoss.sum": {
            "value": 0.03593521481116113,
            "min": 0.03134637461080274,
            "max": 0.041146828446380825,
            "count": 226
        },
        "FPV-Drone.Losses.ValueLoss.mean": {
            "value": 0.006957518633134896,
            "min": 0.003867851039831294,
            "max": 0.0788149521293235,
            "count": 226
        },
        "FPV-Drone.Losses.ValueLoss.sum": {
            "value": 0.006957518633134896,
            "min": 0.003867851039831294,
            "max": 0.0788149521293235,
            "count": 226
        },
        "FPV-Drone.Policy.LearningRate.mean": {
            "value": 1.3850972317999992e-07,
            "min": 1.3850972317999992e-07,
            "max": 2.3248853502400003e-05,
            "count": 226
        },
        "FPV-Drone.Policy.LearningRate.sum": {
            "value": 1.3850972317999992e-07,
            "min": 1.3850972317999992e-07,
            "max": 2.3248853502400003e-05,
            "count": 226
        },
        "FPV-Drone.Policy.Epsilon.mean": {
            "value": 0.10013841000000001,
            "min": 0.10013841000000001,
            "max": 0.12324880000000002,
            "count": 226
        },
        "FPV-Drone.Policy.Epsilon.sum": {
            "value": 0.10013841000000001,
            "min": 0.10013841000000001,
            "max": 0.12324880000000002,
            "count": 226
        },
        "FPV-Drone.Policy.Beta.mean": {
            "value": 1.2740517999999997e-05,
            "min": 1.2740517999999997e-05,
            "max": 0.00047032624,
            "count": 226
        },
        "FPV-Drone.Policy.Beta.sum": {
            "value": 1.2740517999999997e-05,
            "min": 1.2740517999999997e-05,
            "max": 0.00047032624,
            "count": 226
        },
        "FPV-Drone.Losses.CuriosityForwardLoss.mean": {
            "value": 0.021027233128552324,
            "min": 0.01669245138473343,
            "max": 0.1776069492683746,
            "count": 226
        },
        "FPV-Drone.Losses.CuriosityForwardLoss.sum": {
            "value": 0.021027233128552324,
            "min": 0.01669245138473343,
            "max": 0.1776069492683746,
            "count": 226
        },
        "FPV-Drone.Losses.CuriosityInverseLoss.mean": {
            "value": 0.025049836588732433,
            "min": 0.016160090702760498,
            "max": 0.04348807554342784,
            "count": 226
        },
        "FPV-Drone.Losses.CuriosityInverseLoss.sum": {
            "value": 0.025049836588732433,
            "min": 0.016160090702760498,
            "max": 0.04348807554342784,
            "count": 226
        }
    },
    "metadata": {
        "timer_format_version": "0.1.0",
        "start_time_seconds": "1732885024",
        "python_version": "3.10.14 | packaged by Anaconda, Inc. | (main, Mar 21 2024, 16:20:14) [MSC v.1916 64 bit (AMD64)]",
        "command_line_arguments": "C:\\Users\\alexu\\miniconda3\\envs\\mlagents\\Scripts\\mlagents-learn config/configPPO.yaml --run-id=PPO_Drone_v3 --resume",
        "mlagents_version": "1.0.0",
        "mlagents_envs_version": "1.0.0",
        "communication_protocol_version": "1.5.0",
        "pytorch_version": "1.13.1+cu117",
        "numpy_version": "1.23.1",
        "end_time_seconds": "1732899390"
    },
    "total": 14366.4630267,
    "count": 1,
    "self": 0.01715899999908288,
    "children": {
        "run_training.setup": {
            "total": 0.0778744999997798,
            "count": 1,
            "self": 0.0778744999997798
        },
        "TrainerController.start_learning": {
            "total": 14366.367993200001,
            "count": 1,
            "self": 7.772482101245259,
            "children": {
                "TrainerController._reset_env": {
                    "total": 9.15397639999992,
                    "count": 1,
                    "self": 9.15397639999992
                },