{
    "name": "root",
    "gauges": {
        "FPV-Drone.Policy.Entropy.mean": {
            "value": 0.8345798850059509,
            "min": 0.8105181455612183,
            "max": 1.1734445095062256,
            "count": 43
        },
        "FPV-Drone.Policy.Entropy.sum": {
            "value": 25195.1328125,
            "min": 24445.2265625,
            "max": 34651.4765625,
            "count": 43
        },
        "FPV-Drone.Environment.EpisodeLength.mean": {
            "value": 69.21077283372365,
            "min": 69.21077283372365,
            "max": 75.6437659033079,
            "count": 43
        },
        "FPV-Drone.Environment.EpisodeLength.sum": {
            "value": 29553.0,
            "min": 24499.0,
            "max": 29811.0,
            "count": 43
        },
        "FPV-Drone.Step.mean": {
            "value": 2849942.0,
            "min": 1589995.0,
            "max": 2849942.0,
            "count": 43
        },
        "FPV-Drone.Step.sum": {
            "value": 2849942.0,
            "min": 1589995.0,
            "max": 2849942.0,
            "count": 43
        },
        "FPV-Drone.Policy.ExtrinsicValueEstimate.mean": {
            "value": 0.6628894805908203,
            "min": 0.627127468585968,
            "max": 0.6804698705673218,
            "count": 43
        },
        "FPV-Drone.Policy.ExtrinsicValueEstimate.sum": {
            "value": 283.0538024902344,
            "min": 221.56118774414062,
            "max": 286.3752746582031,
            "count": 43
        },
        "FPV-Drone.Environment.CumulativeReward.mean": {
            "value": 0.9163611243703605,
            "min": 0.8801227059341283,
            "max": 0.9480186628097552,
            "count": 43
        },
        "FPV-Drone.Environment.CumulativeReward.sum": {
            "value": 391.28620010614395,
            "min": 309.33600068092346,
            "max": 399.2382000684738,
            "count": 43
        },
        "FPV-Drone.Policy.ExtrinsicReward.mean": {
            "value": 0.9163611243703605,
            "min": 0.8801227059341283,
            "max": 0.9480186628097552,
            "count": 43
        },
        "FPV-Drone.Policy.ExtrinsicReward.sum": {
            "value": 391.28620010614395,
            "min": 309.33600068092346,
            "max": 399.2382000684738,
            "count": 43
        },
        "FPV-Drone.Losses.PolicyLoss.mean": {
            "value": 0.07093740872079209,
            "min": 0.06307387427536539,
            "max": 0.0733795070620458,
            "count": 43
        },
        "FPV-Drone.Losses.PolicyLoss.sum": {
            "value": 0.9931237220910892,
            "min": 0.7674272139137268,
            "max": 1.0637795597685908,
            "count": 43
        },
        "FPV-Drone.Losses.ValueLoss.mean": {
            "value": 0.010809847530167426,
            "min": 0.003948939481623321,
            "max": 0.017413953684093094,
            "count": 43
        },
        "FPV-Drone.Losses.ValueLoss.sum": {
            "value": 0.15133786542234398,
            "min": 0.055285152742726495,
            "max": 0.2612093052613964,
            "count": 43
        },
        "FPV-Drone.Policy.LearningRate.mean": {
            "value": 3.582840370039215e-05,
            "min": 3.582840370039215e-05,
            "max": 4.211106305063274e-05,
            "count": 43
        },
        "FPV-Drone.Policy.LearningRate.sum": {
            "value": 0.0005015976518054901,
            "min": 0.0004632216935569601,
            "max": 0.0006296329957344901,
            "count": 43
        },
        "FPV-Drone.Policy.Epsilon.mean": {
            "value": 0.17165675071428568,
            "min": 0.17165675071428568,
            "max": 0.18422209454545457,
            "count": 43
        },
        "FPV-Drone.Policy.Epsilon.sum": {
            "value": 2.4031945099999996,
            "min": 2.02644304,
            "max": 2.75926551,
            "count": 43
        },
        "FPV-Drone.Policy.Beta.mean": {
            "value": 0.00036111807849999996,
            "min": 0.00036111807849999996,
            "max": 0.0004226882632727273,
            "count": 43
        },
        "FPV-Drone.Policy.Beta.sum": {
            "value": 0.005055653098999999,
            "min": 0.004649570896,
            "max": 0.006320400999,
            "count": 43
        },
        "FPV-Drone.IsTraining.mean": {
            "value": 1.0,
            "min": 1.0,
            "max": 1.0,
            "count": 43
        },
        "FPV-Drone.IsTraining.sum": {
            "value": 1.0,
            "min": 1.0,
            "max": 1.0,
            "count": 43
        }
    },
    "metadata": {
        "timer_format_version": "0.1.0",
        "start_time_seconds": "1723056101",
        "python_version": "3.10.14 | packaged by Anaconda, Inc. | (main, Mar 21 2024, 16:20:14) [MSC v.1916 64 bit (AMD64)]",
        "command_line_arguments": "C:\\Users\\alexu\\miniconda3\\envs\\mlagents\\Scripts\\mlagents-learn config/FPV-Drone.yaml --run-id=FPV-Drone_2 --resume",
        "mlagents_version": "1.0.0",
        "mlagents_envs_version": "1.0.0",
        "communication_protocol_version": "1.5.0",
        "pytorch_version": "1.13.1+cu117",
        "numpy_version": "1.23.1",
        "end_time_seconds": "1723058292"
    },
    "total": 2190.875624799999,
    "count": 1,
    "self": 0.006593199992494192,
    "children": {
        "run_training.setup": {
            "total": 0.07824310000432888,
            "count": 1,
            "self": 0.07824310000432888
        },
        "TrainerController.start_learning": {
            "total": 2190.7907885000022,
            "count": 1,
            "self": 1.004805899960047,
            "children": {
                "TrainerController._reset_env": {
                    "total": 7.929653200000757,
                    "count": 1,
                    "self": 7.929653200000757
                },
                "TrainerController.advance": {
                    "total": 2181.7541399000474,
                    "count": 55918,
                    "self": 1.0216605000387062,
                    "children": {
                        "env_step": {
                            "total": 1365.9466141005396,
                            "count": 55918,
                            "self": 1162.7302453018783,
                            "children": {
                                "SubprocessEnvManager._take_step": {
                                    "total": 202.61644929855538,
                                    "count": 55918,
                                    "self": 2.9541952981744544,
                                    "children": {
                                        "TorchPolicy.evaluate": {
                                            "total": 199.66225400038093,
                                            "count": 44971,
                                            "self": 199.66225400038093
                                        }
                                    }
                                },
                                "workers": {
                                    "total": 0.5999195001058979,
                                    "count": 55917,
                                    "self": 0.0,
                                    "children": {
                                        "worker_root": {
                                            "total": 2181.909322899366,
                                            "count": 55917,
                                            "is_parallel": true,
                                            "self": 1094.8634587991983,
                                            "children": {
                                                "steps_from_proto": {
                                                    "total": 0.0014148999980534427,
                                                    "count": 1,
                                                    "is_parallel": true,