{
    "name": "root",
    "gauges": {
        "FPV-Drone.Policy.Entropy.mean": {
            "value": 2.441453456878662,
            "min": 2.441453456878662,
            "max": 2.9695966243743896,
            "count": 47
        },
        "FPV-Drone.Policy.Entropy.sum": {
            "value": 73189.890625,
            "min": 73189.890625,
            "max": 93346.296875,
            "count": 47
        },
        "FPV-Drone.Environment.EpisodeLength.mean": {
            "value": 58.003937007874015,
            "min": 58.003937007874015,
            "max": 143.2212389380531,
            "count": 47
        },
        "FPV-Drone.Environment.EpisodeLength.sum": {
            "value": 29466.0,
            "min": 23624.0,
            "max": 35702.0,
            "count": 47
        },
        "FPV-Drone.Step.mean": {
            "value": 1409946.0,
            "min": 29951.0,
            "max": 1409946.0,
            "count": 47
        },
        "FPV-Drone.Step.sum": {
            "value": 1409946.0,
            "min": 29951.0,
            "max": 1409946.0,
            "count": 47
        },
        "FPV-Drone.Policy.ExtrinsicValueEstimate.mean": {
            "value": 0.6966366171836853,
            "min": -0.39609184861183167,
            "max": 0.6966366171836853,
            "count": 47
        },
        "FPV-Drone.Policy.ExtrinsicValueEstimate.sum": {
            "value": 354.5880432128906,
            "min": -93.47767639160156,
            "max": 354.5880432128906,
            "count": 47
        },
        "FPV-Drone.Policy.RndValueEstimate.mean": {
            "value": 0.07403427362442017,
            "min": -0.10221458971500397,
            "max": 0.44479766488075256,
            "count": 47
        },
        "FPV-Drone.Policy.RndValueEstimate.sum": {
            "value": 37.68344497680664,
            "min": -41.80576705932617,
            "max": 104.97225189208984,
            "count": 47
        },
        "FPV-Drone.Environment.CumulativeReward.mean": {
            "value": 0.8982885797603393,
            "min": -1.000953001809902,
            "max": 0.8982885797603393,
            "count": 47
        },
        "FPV-Drone.Environment.CumulativeReward.sum": {
            "value": 456.3305985182524,
            "min": -183.17439933121204,
            "max": 456.3305985182524,
            "count": 47
        },
        "FPV-Drone.Policy.ExtrinsicReward.mean": {
            "value": 0.8982885797603393,
            "min": -1.000953001809902,
            "max": 0.8982885797603393,
            "count": 47
        },
        "FPV-Drone.Policy.ExtrinsicReward.sum": {
            "value": 456.3305985182524,
            "min": -183.17439933121204,
            "max": 456.3305985182524,
            "count": 47
        },
        "FPV-Drone.Policy.RndReward.mean": {
            "value": 0.00012018803468303605,
            "min": 0.00012018803468303605,
            "max": 0.0017458440513800782,
            "count": 47
        },
        "FPV-Drone.Policy.RndReward.sum": {
            "value": 0.06105552161898231,
            "min": 0.06105552161898231,
            "max": 0.38394780536327744,
            "count": 47
        },
        "FPV-Drone.Losses.PolicyLoss.mean": {
            "value": 0.06965817394682543,
            "min": 0.0633207791493078,
            "max": 0.07162504410802621,
            "count": 47
        },
        "FPV-Drone.Losses.PolicyLoss.sum": {
            "value": 1.0448726092023815,
            "min": 0.9008023936131064,
            "max": 1.051468188776577,
            "count": 47
        },
        "FPV-Drone.Losses.ValueLoss.mean": {
            "value": 0.007793791018452289,
            "min": 0.007793791018452289,
            "max": 0.022299846374902267,
            "count": 47
        },
        "FPV-Drone.Losses.ValueLoss.sum": {
            "value": 0.11690686527678433,
            "min": 0.1137721823300429,
            "max": 0.33104307451867493,
            "count": 47
        },
        "FPV-Drone.Policy.LearningRate.mean": {
            "value": 0.00025814268995244126,
            "min": 0.00025814268995244126,
            "max": 0.0002995201158742471,
            "count": 47
        },
        "FPV-Drone.Policy.LearningRate.sum": {
            "value": 0.003872140349286619,
            "min": 0.0036267035510988786,
            "max": 0.004425787374737549,
            "count": 47
        },
        "FPV-Drone.Policy.Epsilon.mean": {
            "value": 0.18604755866666667,
            "min": 0.18604755866666667,
            "max": 0.1998400385714286,
            "count": 47
        },
        "FPV-Drone.Policy.Epsilon.sum": {
            "value": 2.79071338,
            "min": 2.6089011200000005,
            "max": 2.9752624500000002,
            "count": 47
        },
        "FPV-Drone.Policy.Beta.mean": {
            "value": 0.008606151110799997,
            "min": 0.008606151110799997,
            "max": 0.009984019853285713,
            "count": 47
        },
        "FPV-Drone.Policy.Beta.sum": {
            "value": 0.12909226666199997,
            "min": 0.12090922188799999,
            "max": 0.147528718755,
            "count": 47
        },
        "FPV-Drone.Losses.RNDLoss.mean": {
            "value": 0.0019079565536230803,
            "min": 0.0019079565536230803,
            "max": 0.009231435135006905,
            "count": 47
        },
        "FPV-Drone.Losses.RNDLoss.sum": {
            "value": 0.028619349002838135,
            "min": 0.028619349002838135,
            "max": 0.12924009561538696,
            "count": 47
        },
        "FPV-Drone.IsTraining.mean": {
            "value": 1.0,
            "min": 1.0,
            "max": 1.0,
            "count": 47
        },
        "FPV-Drone.IsTraining.sum": {
            "value": 1.0,
            "min": 1.0,
            "max": 1.0,
            "count": 47
        }
    },
    "metadata": {
        "timer_format_version": "0.1.0",
        "start_time_seconds": "1719671875",
        "python_version": "3.10.14 | packaged by Anaconda, Inc. | (main, Mar 21 2024, 16:20:14) [MSC v.1916 64 bit (AMD64)]",
        "command_line_arguments": "C:\\Users\\alexu\\miniconda3\\envs\\mlagents\\Scripts\\mlagents-learn config/FPV-DroneDefault.yaml --initialize-from=FPV-Drone_1 --run-id=FPV-Drone_2",
        "mlagents_version": "1.0.0",
        "mlagents_envs_version": "1.0.0",
        "communication_protocol_version": "1.5.0",
        "pytorch_version": "1.13.1+cu117",
        "numpy_version": "1.23.1",
        "end_time_seconds": "1719674634"
    },
    "total": 2758.6517103999977,
    "count": 1,
    "self": 0.008774599999014754,
    "children": {
        "run_training.setup": {
            "total": 0.07773829999860027,
            "count": 1,
            "self": 0.07773829999860027
        },
        "TrainerController.start_learning": {
            "total": 2758.5651975,
            "count": 1,
            "self": 2.179051500370406,
            "children": {
                "TrainerController._reset_env": {
                    "total": 38.85272450000048,
                    "count": 1,
                    "self": 38.85272450000048
                },
                "TrainerController.advance": {
                    "total": 2717.413179599629,
                    "count": 120847,
                    "self": 2.1980133994184143,
                    "children": {
                        "env_step": {
                            "total": 1603.2565909000368,
                            "count": 120847,
                            "self": 1086.867123900287,
                            "children": {
                                "SubprocessEnvManager._take_step": {
                                    "total": 515.0007781989516,
                                    "count": 120847,
                                    "self": 6.770936698820151,