{
    "name": "root",
    "gauges": {
        "FPV-Drone.Policy.Entropy.mean": {
            "value": 1.0976866483688354,
            "min": 1.0701342821121216,
            "max": 1.1558630466461182,
            "count": 39
        },
        "FPV-Drone.Policy.Entropy.sum": {
            "value": 32947.06640625,
            "min": 18824.16796875,
            "max": 35046.66015625,
            "count": 39
        },
        "FPV-Drone.Environment.EpisodeLength.mean": {
            "value": 88.82649842271293,
            "min": 73.04950495049505,
            "max": 103.28333333333333,
            "count": 39
        },
        "FPV-Drone.Environment.EpisodeLength.sum": {
            "value": 28158.0,
            "min": 14936.0,
            "max": 30985.0,
            "count": 39
        },
        "FPV-Drone.Step.mean": {
            "value": 3899984.0,
            "min": 2759866.0,
            "max": 3899984.0,
            "count": 39
        },
        "FPV-Drone.Step.sum": {
            "value": 3899984.0,
            "min": 2759866.0,
            "max": 3899984.0,
            "count": 39
        },
        "FPV-Drone.Policy.ExtrinsicValueEstimate.mean": {
            "value": 0.5952863693237305,
            "min": 0.5582519173622131,
            "max": 0.6380636096000671,
            "count": 39
        },
        "FPV-Drone.Policy.ExtrinsicValueEstimate.sum": {
            "value": 202.39736938476562,
            "min": 121.54380798339844,
            "max": 255.47006225585938,
            "count": 39
        },
        "FPV-Drone.Policy.RndValueEstimate.mean": {
            "value": -0.03967209532856941,
            "min": -0.3025561273097992,
            "max": 0.058652881532907486,
            "count": 39
        },
        "FPV-Drone.Policy.RndValueEstimate.sum": {
            "value": -13.48851203918457,
            "min": -104.67605590820312,
            "max": 20.411203384399414,
            "count": 39
        },
        "FPV-Drone.Environment.CumulativeReward.mean": {
            "value": 0.914994303137064,
            "min": 0.8212411590676377,
            "max": 0.9187819678845301,
            "count": 39
        },
        "FPV-Drone.Environment.CumulativeReward.sum": {
            "value": 289.1381997913122,
            "min": 174.12540006637573,
            "max": 356.29519963264465,
            "count": 39
        },
        "FPV-Drone.Policy.ExtrinsicReward.mean": {
            "value": 0.914994303137064,
            "min": 0.8212411590676377,
            "max": 0.9187819678845301,
            "count": 39
        },
        "FPV-Drone.Policy.ExtrinsicReward.sum": {
            "value": 289.1381997913122,
            "min": 174.12540006637573,
            "max": 356.29519963264465,
            "count": 39
        },
        "FPV-Drone.Policy.RndReward.mean": {
            "value": 0.00026922022644738935,
            "min": 0.00026030912860343114,
            "max": 0.0003494025506141619,
            "count": 39
        },
        "FPV-Drone.Policy.RndReward.sum": {
            "value": 0.08507359155737504,
            "min": 0.06221186182665406,
            "max": 0.12958059332231642,
            "count": 39
        },
        "FPV-Drone.Losses.PolicyLoss.mean": {
            "value": 0.04619898383059319,
            "min": 0.04317742580540306,
            "max": 0.052509868836014426,
            "count": 39
        },
        "FPV-Drone.Losses.PolicyLoss.sum": {
            "value": 0.32339288681415235,
            "min": 0.14962608302370958,
            "max": 0.4080299965201751,
            "count": 39
        },
        "FPV-Drone.Losses.ValueLoss.mean": {
            "value": 0.01611702537463446,
            "min": 0.007598993125221959,
            "max": 0.018576350653477545,
            "count": 39
        },
        "FPV-Drone.Losses.ValueLoss.sum": {
            "value": 0.1128191776224412,
            "min": 0.030091060432217393,
            "max": 0.13183013472007588,
            "count": 39
        },
        "FPV-Drone.Policy.LearningRate.mean": {
            "value": 3.057324313930571e-05,
            "min": 3.057324313930571e-05,
            "max": 3.623542252921e-05,
            "count": 39
        },
        "FPV-Drone.Policy.LearningRate.sum": {
            "value": 0.00021401270197514001,
            "min": 0.00010870626758763,
            "max": 0.00028781032437980004,
            "count": 39
        },
        "FPV-Drone.Policy.Epsilon.mean": {
            "value": 0.16114640857142862,
            "min": 0.16114640857142862,
            "max": 0.17247079,
            "count": 39
        },
        "FPV-Drone.Policy.Epsilon.sum": {
            "value": 1.1280248600000002,
            "min": 0.5174123700000001,
            "max": 1.3756202000000002,
            "count": 39
        },
        "FPV-Drone.Policy.Beta.mean": {
            "value": 0.0006153494448571429,
            "min": 0.0006153494448571429,
            "max": 0.000727460821,
            "count": 39
        },
        "FPV-Drone.Policy.Beta.sum": {
            "value": 0.004307446114000001,
            "min": 0.002182382463,
            "max": 0.00577863998,
            "count": 39
        },
        "FPV-Drone.Losses.RNDLoss.mean": {
            "value": 0.002676704665645957,
            "min": 0.002675155410543084,
            "max": 0.003922754433006048,
            "count": 39
        },
        "FPV-Drone.Losses.RNDLoss.sum": {
            "value": 0.018736932426691055,
            "min": 0.011768262833356857,
            "max": 0.029350213706493378,
            "count": 39
        },
        "FPV-Drone.IsTraining.mean": {
            "value": 1.0,
            "min": 1.0,
            "max": 1.0,
            "count": 39
        },
        "FPV-Drone.IsTraining.sum": {
            "value": 1.0,
            "min": 1.0,
            "max": 1.0,
            "count": 39
        }
    },
    "metadata": {
        "timer_format_version": "0.1.0",
        "start_time_seconds": "1720634449",
        "python_version": "3.10.14 | packaged by Anaconda, Inc. | (main, Mar 21 2024, 16:20:14) [MSC v.1916 64 bit (AMD64)]",
        "command_line_arguments": "C:\\Users\\alexu\\miniconda3\\envs\\mlagents\\Scripts\\mlagents-learn config/FPV-Drone.yaml --run-id=FPV-Drone_7 --resume",
        "mlagents_version": "1.0.0",
        "mlagents_envs_version": "1.0.0",
        "communication_protocol_version": "1.5.0",
        "pytorch_version": "1.13.1+cu117",
        "numpy_version": "1.23.1",
        "end_time_seconds": "1720636213"
    },
    "total": 1764.2691319000005,
    "count": 1,
    "self": 0.007339200004935265,
    "children": {
        "run_training.setup": {
            "total": 0.09242269999958808,
            "count": 1,
            "self": 0.09242269999958808
        },
        "TrainerController.start_learning": {
            "total": 1764.169369999996,
            "count": 1,
            "self": 1.0448700002380065,
            "children": {
                "TrainerController._reset_env": {
                    "total": 7.895960399997421,
                    "count": 1,
                    "self": 7.895960399997421
                },
                "TrainerController.advance": {
                    "total": 1755.089184699762,
                    "count": 49257,
                    "self": 1.0900395989447134,
                    "children": {
                        "env_step": {
                            "total": 1031.095419400488,
                            "count": 49257,
                            "self": 817.1930238996574,
                            "children": {
                                "SubprocessEnvManager._take_step": {
                                    "total": 213.27205270088598,
                                    "count": 49257,
                                    "self": 3.359419200591219,