{
    "name": "root",
    "gauges": {
        "FPV-Drone.Policy.Entropy.mean": {
            "value": 1.4067879915237427,
            "min": 1.4051495790481567,
            "max": 1.5928096771240234,
            "count": 12
        },
        "FPV-Drone.Policy.Entropy.sum": {
            "value": 42334.47265625,
            "min": 42108.1171875,
            "max": 46982.75390625,
            "count": 12
        },
        "FPV-Drone.Environment.EpisodeLength.mean": {
            "value": 42.23741007194245,
            "min": 41.864285714285714,
            "max": 44.82108626198083,
            "count": 12
        },
        "FPV-Drone.Environment.EpisodeLength.sum": {
            "value": 29355.0,
            "min": 28058.0,
            "max": 29356.0,
            "count": 12
        },
        "FPV-Drone.Step.mean": {
            "value": 659976.0,
            "min": 329997.0,
            "max": 659976.0,
            "count": 12
        },
        "FPV-Drone.Step.sum": {
            "value": 659976.0,
            "min": 329997.0,
            "max": 659976.0,
            "count": 12
        },
        "FPV-Drone.Policy.ExtrinsicValueEstimate.mean": {
            "value": 0.648148238658905,
            "min": 0.5040007829666138,
            "max": 0.6772415637969971,
            "count": 12
        },
        "FPV-Drone.Policy.ExtrinsicValueEstimate.sum": {
            "value": 449.81488037109375,
            "min": 323.876708984375,
            "max": 474.069091796875,
            "count": 12
        },
        "FPV-Drone.Policy.CuriosityValueEstimate.mean": {
            "value": 0.9783592820167542,
            "min": 0.9783592820167542,
            "max": 4.6045427322387695,
            "count": 12
        },
        "FPV-Drone.Policy.CuriosityValueEstimate.sum": {
            "value": 678.9813232421875,
            "min": 678.9813232421875,
            "max": 3020.580078125,
            "count": 12
        },
        "FPV-Drone.Environment.CumulativeReward.mean": {
            "value": 0.7959907700761251,
            "min": 0.6225557865166083,
            "max": 0.8320199915340969,
            "count": 12
        },
        "FPV-Drone.Environment.CumulativeReward.sum": {
            "value": 552.4175944328308,
            "min": 406.18859672546387,
            "max": 582.4139940738678,
            "count": 12
        },
        "FPV-Drone.Policy.ExtrinsicReward.mean": {
            "value": 0.7959907700761251,
            "min": 0.6225557865166083,
            "max": 0.8320199915340969,
            "count": 12
        },
        "FPV-Drone.Policy.ExtrinsicReward.sum": {
            "value": 552.4175944328308,
            "min": 406.18859672546387,
            "max": 582.4139940738678,
            "count": 12
        },
        "FPV-Drone.Policy.CuriosityReward.mean": {
            "value": 0.2752046488891074,
            "min": 0.2752046488891074,
            "max": 0.5180074963748456,
            "count": 12
        },
        "FPV-Drone.Policy.CuriosityReward.sum": {
            "value": 190.99202632904053,
            "min": 190.99202632904053,
            "max": 323.87766356766224,
            "count": 12
        },
        "FPV-Drone.Losses.PolicyLoss.mean": {
            "value": 0.06794516011162462,
            "min": 0.06660305998342492,
            "max": 0.07042095520040069,
            "count": 12
        },
        "FPV-Drone.Losses.PolicyLoss.sum": {
            "value": 0.9512322415627447,
            "min": 0.8809584163421581,
            "max": 1.0563143280060103,
            "count": 12
        },
        "FPV-Drone.Losses.ValueLoss.mean": {
            "value": 0.03416318136026218,
            "min": 0.03169858318158529,
            "max": 0.06327612777074268,
            "count": 12
        },
        "FPV-Drone.Losses.ValueLoss.sum": {
            "value": 0.4782845390436705,
            "min": 0.47547874772377935,
            "max": 0.8858657887903975,
            "count": 12
        },
        "FPV-Drone.Policy.LearningRate.mean": {
            "value": 9.35542566009357e-06,
            "min": 9.35542566009357e-06,
            "max": 9.68411792808308e-06,
            "count": 12
        },
        "FPV-Drone.Policy.LearningRate.sum": {
            "value": 0.00013097595924131,
            "min": 0.00012589353306508003,
            "max": 0.00014482627473777,
            "count": 12
        },
        "FPV-Drone.Policy.Epsilon.mean": {
            "value": 0.1,
            "min": 0.1,
            "max": 0.10000000000000002,
            "count": 12
        },
        "FPV-Drone.Policy.Epsilon.sum": {
            "value": 1.4000000000000001,
            "min": 1.3,
            "max": 1.5000000000000002,
            "count": 12
        },
        "FPV-Drone.Policy.Beta.mean": {
            "value": 0.0009361865022142859,
            "min": 0.0009361865022142859,
            "max": 0.000968727362153846,
            "count": 12
        },
        "FPV-Drone.Policy.Beta.sum": {
            "value": 0.013106611031000002,
            "min": 0.012593455707999999,
            "max": 0.014487796077,
            "count": 12
        },
        "FPV-Drone.Losses.CuriosityForwardLoss.mean": {
            "value": 0.06468409346970952,
            "min": 0.06468409346970952,
            "max": 0.12346607018023348,
            "count": 12
        },
        "FPV-Drone.Losses.CuriosityForwardLoss.sum": {
            "value": 0.9055773085759333,
            "min": 0.9055773085759333,
            "max": 1.6222984300305445,
            "count": 12
        },
        "FPV-Drone.Losses.CuriosityInverseLoss.mean": {
            "value": 0.14477307330595243,
            "min": 0.14472410699559587,
            "max": 0.24072635511700538,
            "count": 12
        },
        "FPV-Drone.Losses.CuriosityInverseLoss.sum": {
            "value": 2.026823026283334,
            "min": 2.026823026283334,
            "max": 3.3468846705121296,
            "count": 12
        },
        "FPV-Drone.IsTraining.mean": {
            "value": 1.0,
            "min": 1.0,
            "max": 1.0,
            "count": 12
        },
        "FPV-Drone.IsTraining.sum": {
            "value": 1.0,
            "min": 1.0,
            "max": 1.0,
            "count": 12
        }
    },
    "metadata": {
        "timer_format_version": "0.1.0",
        "start_time_seconds": "1716472609",
        "python_version": "3.10.14 | packaged by Anaconda, Inc. | (main, Mar 21 2024, 16:20:14) [MSC v.1916 64 bit (AMD64)]",
        "command_line_arguments": "C:\\Users\\alexu\\miniconda3\\envs\\mlagents\\Scripts\\mlagents-learn config/FPV-Drone.yaml --run-id=RaycastFPV-Drone_1 --resume",
        "mlagents_version": "1.0.0",
        "mlagents_envs_version": "1.0.0",
        "communication_protocol_version": "1.5.0",
        "pytorch_version": "1.13.1+cu117",
        "numpy_version": "1.23.1",
        "end_time_seconds": "1716473268"
    },
    "total": 658.6116212000015,
    "count": 1,
    "self": 0.008235099998273654,
    "children": {
        "run_training.setup": {
            "total": 0.07820500000161701,
            "count": 1,
            "self": 0.07820500000161701
        },
        "TrainerController.start_learning": {
            "total": 658.5251811000016,
            "count": 1,
            "self": 0.45967139976710314,
            "children": {
                "TrainerController._reset_env": {
                    "total": 7.611307600000146,
                    "count": 1,
                    "self": 7.611307600000146
                },
                "TrainerController.advance": {
                    "total": 650.3281292002357,
                    "count": 22326,
                    "self": 0.4657574002558249,
                    "children": {
                        "env_step": {
                            "total": 287.2882286000349,
                            "count": 22326,
                            "self": 202.18020029985564,