{
    "name": "root",
    "gauges": {
        "FPV-Drone.Policy.Entropy.mean": {
            "value": 1.0497171878814697,
            "min": 1.0489616394042969,
            "max": 1.310110330581665,
            "count": 22
        },
        "FPV-Drone.Policy.Entropy.sum": {
            "value": 31564.994140625,
            "min": 8044.2138671875,
            "max": 40613.421875,
            "count": 22
        },
        "FPV-Drone.Environment.EpisodeLength.mean": {
            "value": 65.31637168141593,
            "min": 63.89873417721519,
            "max": 75.88383838383838,
            "count": 22
        },
        "FPV-Drone.Environment.EpisodeLength.sum": {
            "value": 29523.0,
            "min": 5048.0,
            "max": 30050.0,
            "count": 22
        },
        "FPV-Drone.Step.mean": {
            "value": 2489927.0,
            "min": 1859950.0,
            "max": 2489927.0,
            "count": 22
        },
        "FPV-Drone.Step.sum": {
            "value": 2489927.0,
            "min": 1859950.0,
            "max": 2489927.0,
            "count": 22
        },
        "FPV-Drone.Policy.ExtrinsicValueEstimate.mean": {
            "value": 0.6695536375045776,
            "min": 0.6073605418205261,
            "max": 0.6695536375045776,
            "count": 22
        },
        "FPV-Drone.Policy.ExtrinsicValueEstimate.sum": {
            "value": 302.63824462890625,
            "min": 48.98976516723633,
            "max": 302.63824462890625,
            "count": 22
        },
        "FPV-Drone.Policy.RndValueEstimate.mean": {
            "value": -0.0963958203792572,
            "min": -0.5105995535850525,
            "max": 0.0573112927377224,
            "count": 22
        },
        "FPV-Drone.Policy.RndValueEstimate.sum": {
            "value": -43.5709114074707,
            "min": -205.26101684570312,
            "max": 24.586544036865234,
            "count": 22
        },
        "FPV-Drone.Environment.CumulativeReward.mean": {
            "value": 0.9121110604136391,
            "min": 0.8322207757404873,
            "max": 0.9377680363868686,
            "count": 22
        },
        "FPV-Drone.Environment.CumulativeReward.sum": {
            "value": 412.2741993069649,
            "min": 64.08099973201752,
            "max": 412.2741993069649,
            "count": 22
        },
        "FPV-Drone.Policy.ExtrinsicReward.mean": {
            "value": 0.9121110604136391,
            "min": 0.8322207757404873,
            "max": 0.9377680363868686,
            "count": 22
        },
        "FPV-Drone.Policy.ExtrinsicReward.sum": {
            "value": 412.2741993069649,
            "min": 64.08099973201752,
            "max": 412.2741993069649,
            "count": 22
        },
        "FPV-Drone.Policy.RndReward.mean": {
            "value": 0.00014610168779324493,
            "min": 0.0001422984305650925,
            "max": 0.0001953953534939501,
            "count": 22
        },
        "FPV-Drone.Policy.RndReward.sum": {
            "value": 0.06603796288254671,
            "min": 0.01279591650745715,
            "max": 0.07815814139758004,
            "count": 22
        },
        "FPV-Drone.Losses.PolicyLoss.mean": {
            "value": 0.07096184483214801,
            "min": 0.06540230281531681,
            "max": 0.07152799091879083,
            "count": 22
        },
        "FPV-Drone.Losses.PolicyLoss.sum": {
            "value": 1.0644276724822201,
            "min": 0.14305598183758167,
            "max": 1.0650565076193743,
            "count": 22
        },
        "FPV-Drone.Losses.ValueLoss.mean": {
            "value": 0.00760871247872345,
            "min": 0.006373446550173295,
            "max": 0.02145438956931404,
            "count": 22
        },
        "FPV-Drone.Losses.ValueLoss.sum": {
            "value": 0.11413068718085174,
            "min": 0.036252194947640724,
            "max": 0.3003614539703966,
            "count": 22
        },
        "FPV-Drone.Policy.LearningRate.mean": {
            "value": 3.762564008210267e-05,
            "min": 3.762564008210267e-05,
            "max": 4.0709546080944996e-05,
            "count": 22
        },
        "FPV-Drone.Policy.LearningRate.sum": {
            "value": 0.00056438460123154,
            "min": 8.141909216188999e-05,
            "max": 0.00060264475471108,
            "count": 22
        },
        "FPV-Drone.Policy.Epsilon.mean": {
            "value": 0.17525123066666665,
            "min": 0.17525123066666665,
            "max": 0.181419055,
            "count": 22
        },
        "FPV-Drone.Policy.Epsilon.sum": {
            "value": 2.62876846,
            "min": 0.36283811,
            "max": 2.70528892,
            "count": 22
        },
        "FPV-Drone.Policy.Beta.mean": {
            "value": 0.0003787310302666667,
            "min": 0.0003787310302666667,
            "max": 0.00040895336950000003,
            "count": 22
        },
        "FPV-Drone.Policy.Beta.sum": {
            "value": 0.005680965454,
            "min": 0.0008179067390000001,
            "max": 0.006055915708,
            "count": 22
        },
        "FPV-Drone.Losses.RNDLoss.mean": {
            "value": 0.0019683928694576025,
            "min": 0.0018972860416397452,
            "max": 0.002307315357029438,
            "count": 22
        },
        "FPV-Drone.Losses.RNDLoss.sum": {
            "value": 0.029525892809033394,
            "min": 0.004614630714058876,
            "max": 0.03271081671118736,
            "count": 22
        },
        "FPV-Drone.IsTraining.mean": {
            "value": 1.0,
            "min": 1.0,
            "max": 1.0,
            "count": 22
        },
        "FPV-Drone.IsTraining.sum": {
            "value": 1.0,
            "min": 1.0,
            "max": 1.0,
            "count": 22
        }
    },
    "metadata": {
        "timer_format_version": "0.1.0",
        "start_time_seconds": "1720193947",
        "python_version": "3.10.14 | packaged by Anaconda, Inc. | (main, Mar 21 2024, 16:20:14) [MSC v.1916 64 bit (AMD64)]",
        "command_line_arguments": "C:\\Users\\alexu\\miniconda3\\envs\\mlagents\\Scripts\\mlagents-learn config/FPV-Drone.yaml --run-id=FPV-Drone_6 --resume",
        "mlagents_version": "1.0.0",
        "mlagents_envs_version": "1.0.0",
        "communication_protocol_version": "1.5.0",
        "pytorch_version": "1.13.1+cu117",
        "numpy_version": "1.23.1",
        "end_time_seconds": "1720194910"
    },
    "total": 963.0987746999963,
    "count": 1,
    "self": 0.004921399995510001,
    "children": {
        "run_training.setup": {
            "total": 0.08093550000194227,
            "count": 1,
            "self": 0.08093550000194227
        },
        "TrainerController.start_learning": {
            "total": 963.0129177999988,
            "count": 1,
            "self": 0.48760979979124386,
            "children": {
                "TrainerController._reset_env": {
                    "total": 8.621989699997357,
                    "count": 1,
                    "self": 8.621989699997357
                },
                "TrainerController.advance": {
                    "total": 953.8007710002057,
                    "count": 27258,
                    "self": 0.47944400033156853,
                    "children": {
                        "env_step": {
                            "total": 469.83648670007096,
                            "count": 27258,
                            "self": 380.3448670002181,
                            "children": {
                                "SubprocessEnvManager._take_step": {
                                    "total": 89.20399340026052,
                                    "count": 27258,
                                    "self": 1.3413789005790022,