{
    "name": "root",
    "gauges": {
        "FPV-Drone.Policy.Entropy.mean": {
            "value": 2.556145191192627,
            "min": 2.4769845008850098,
            "max": 3.233426094055176,
            "count": 30
        },
        "FPV-Drone.Policy.Entropy.sum": {
            "value": 76029.984375,
            "min": 74094.0390625,
            "max": 101765.6171875,
            "count": 30
        },
        "FPV-Drone.Environment.EpisodeLength.mean": {
            "value": 61.6673640167364,
            "min": 55.270168855534706,
            "max": 974.6551724137931,
            "count": 30
        },
        "FPV-Drone.Environment.EpisodeLength.sum": {
            "value": 29477.0,
            "min": 22515.0,
            "max": 35497.0,
            "count": 30
        },
        "FPV-Drone.Step.mean": {
            "value": 899997.0,
            "min": 29812.0,
            "max": 899997.0,
            "count": 30
        },
        "FPV-Drone.Step.sum": {
            "value": 899997.0,
            "min": 29812.0,
            "max": 899997.0,
            "count": 30
        },
        "FPV-Drone.Policy.ExtrinsicValueEstimate.mean": {
            "value": 0.6173151731491089,
            "min": -0.3897426426410675,
            "max": 0.6527235507965088,
            "count": 30
        },
        "FPV-Drone.Policy.ExtrinsicValueEstimate.sum": {
            "value": 295.07666015625,
            "min": -78.33827209472656,
            "max": 340.4953308105469,
            "count": 30
        },
        "FPV-Drone.Policy.RndValueEstimate.mean": {
            "value": 0.15569595992565155,
            "min": -0.0639362707734108,
            "max": 0.15569595992565155,
            "count": 30
        },
        "FPV-Drone.Policy.RndValueEstimate.sum": {
            "value": 74.42266845703125,
            "min": -30.817283630371094,
            "max": 74.42266845703125,
            "count": 30
        },
        "FPV-Drone.Environment.CumulativeReward.mean": {
            "value": 0.8123142264128729,
            "min": -1.3090206561931248,
            "max": 0.8353622879012156,
            "count": 30
        },
        "FPV-Drone.Environment.CumulativeReward.sum": {
            "value": 388.28620022535324,
            "min": -142.50899881124496,
            "max": 395.3473995923996,
            "count": 30
        },
        "FPV-Drone.Policy.ExtrinsicReward.mean": {
            "value": 0.8123142264128729,
            "min": -1.3090206561931248,
            "max": 0.8353622879012156,
            "count": 30
        },
        "FPV-Drone.Policy.ExtrinsicReward.sum": {
            "value": 388.28620022535324,
            "min": -142.50899881124496,
            "max": 395.3473995923996,
            "count": 30
        },
        "FPV-Drone.Policy.RndReward.mean": {
            "value": 0.00018163504121970252,
            "min": 0.00015684056296475245,
            "max": 0.06601952259291628,
            "count": 30
        },
        "FPV-Drone.Policy.RndReward.sum": {
            "value": 0.08682154970301781,
            "min": 0.0813235057030397,
            "max": 8.5165184144862,
            "count": 30
        },
        "FPV-Drone.Losses.PolicyLoss.mean": {
            "value": 0.06815033859956679,
            "min": 0.06361086838512327,
            "max": 0.0720797539117421,
            "count": 30
        },
        "FPV-Drone.Losses.PolicyLoss.sum": {
            "value": 0.954104740393935,
            "min": 0.860785841839237,
            "max": 1.0811963086761314,
            "count": 30
        },
        "FPV-Drone.Losses.ValueLoss.mean": {
            "value": 0.01662300824266692,
            "min": 0.0015898762888717731,
            "max": 0.0278630261079848,
            "count": 30
        },
        "FPV-Drone.Losses.ValueLoss.sum": {
            "value": 0.2327221153973369,
            "min": 0.022258268044204825,
            "max": 0.417945391619772,
            "count": 30
        },
        "FPV-Drone.Policy.LearningRate.mean": {
            "value": 0.00027344083528162925,
            "min": 0.00027344083528162925,
            "max": 0.00029954913707336457,
            "count": 30
        },
        "FPV-Drone.Policy.LearningRate.sum": {
            "value": 0.0038281716939428095,
            "min": 0.0038281716939428095,
            "max": 0.00438520206826599,
            "count": 30
        },
        "FPV-Drone.Policy.Epsilon.mean": {
            "value": 0.19114694214285716,
            "min": 0.19114694214285716,
            "max": 0.19984971230769233,
            "count": 30
        },
        "FPV-Drone.Policy.Epsilon.sum": {
            "value": 2.6760571900000003,
            "min": 2.5785261000000004,
            "max": 2.9617340100000003,
            "count": 30
        },
        "FPV-Drone.Policy.Beta.mean": {
            "value": 0.009115579520071429,
            "min": 0.009115579520071429,
            "max": 0.009984986259538463,
            "count": 30
        },
        "FPV-Drone.Policy.Beta.sum": {
            "value": 0.127618113281,
            "min": 0.127618113281,
            "max": 0.146177227599,
            "count": 30
        },
        "FPV-Drone.Losses.RNDLoss.mean": {
            "value": 0.0026002186350524426,
            "min": 0.002526533091440797,
            "max": 0.19633668661117554,
            "count": 30
        },
        "FPV-Drone.Losses.RNDLoss.sum": {
            "value": 0.03640305995941162,
            "min": 0.03640305995941162,
            "max": 2.5523769855499268,
            "count": 30
        },
        "FPV-Drone.IsTraining.mean": {
            "value": 1.0,
            "min": 1.0,
            "max": 1.0,
            "count": 30
        },
        "FPV-Drone.IsTraining.sum": {
            "value": 1.0,
            "min": 1.0,
            "max": 1.0,
            "count": 30
        }
    },
    "metadata": {
        "timer_format_version": "0.1.0",
        "start_time_seconds": "1719668477",
        "python_version": "3.10.14 | packaged by Anaconda, Inc. | (main, Mar 21 2024, 16:20:14) [MSC v.1916 64 bit (AMD64)]",
        "command_line_arguments": "C:\\Users\\alexu\\miniconda3\\envs\\mlagents\\Scripts\\mlagents-learn config/FPV-DroneDefault.yaml --run-id=FPV-Drone_1",
        "mlagents_version": "1.0.0",
        "mlagents_envs_version": "1.0.0",
        "communication_protocol_version": "1.5.0",
        "pytorch_version": "1.13.1+cu117",
        "numpy_version": "1.23.1",
        "end_time_seconds": "1719670626"
    },
    "total": 2148.788775699999,
    "count": 1,
    "self": 0.007016599996859441,
    "children": {
        "run_training.setup": {
            "total": 0.07387980000203243,
            "count": 1,
            "self": 0.07387980000203243
        },
        "TrainerController.start_learning": {
            "total": 2148.7078793,
            "count": 1,
            "self": 1.4466768005549966,
            "children": {
                "TrainerController._reset_env": {
                    "total": 8.64176409999709,
                    "count": 1,
                    "self": 8.64176409999709
                },
                "TrainerController.advance": {
                    "total": 2138.4972184994476,
                    "count": 76856,
                    "self": 1.5961199994708295,
                    "children": {
                        "env_step": {
                            "total": 1390.4675249001157,
                            "count": 76856,
                            "self": 1004.6110014999576,
                            "children": {
                                "SubprocessEnvManager._take_step": {
                                    "total": 384.93021710014364,
                                    "count": 76856,
                                    "self": 4.6963067001634045,