{
    "name": "root",
    "gauges": {
        "FPV-Drone.Policy.Entropy.mean": {
            "value": 0.3807253837585449,
            "min": 0.29587578773498535,
            "max": 0.4044453799724579,
            "count": 56
        },
        "FPV-Drone.Policy.Entropy.sum": {
            "value": 11902.2373046875,
            "min": 8943.0146484375,
            "max": 11902.2373046875,
            "count": 56
        },
        "FPV-Drone.Environment.LessonNumber.Lesson.mean": {
            "value": 0.0,
            "min": 0.0,
            "max": 0.0,
            "count": 56
        },
        "FPV-Drone.Environment.LessonNumber.Lesson.sum": {
            "value": 0.0,
            "min": 0.0,
            "max": 0.0,
            "count": 56
        },
        "FPV-Drone.Environment.EpisodeLength.mean": {
            "value": 230.872,
            "min": 179.8881118881119,
            "max": 274.46363636363634,
            "count": 56
        },
        "FPV-Drone.Environment.EpisodeLength.sum": {
            "value": 28859.0,
            "min": 25724.0,
            "max": 33648.0,
            "count": 56
        },
        "FPV-Drone.Step.mean": {
            "value": 19979871.0,
            "min": 18329959.0,
            "max": 19979871.0,
            "count": 56
        },
        "FPV-Drone.Step.sum": {
            "value": 19979871.0,
            "min": 18329959.0,
            "max": 19979871.0,
            "count": 56
        },
        "FPV-Drone.Policy.ExtrinsicValueEstimate.mean": {
            "value": 0.33965349197387695,
            "min": 0.31874677538871765,
            "max": 0.3796791732311249,
            "count": 56
        },
        "FPV-Drone.Policy.ExtrinsicValueEstimate.sum": {
            "value": 44.494606018066406,
            "min": 39.98428726196289,
            "max": 57.34217071533203,
            "count": 56
        },
        "FPV-Drone.Policy.CuriosityValueEstimate.mean": {
            "value": 0.1377001404762268,
            "min": 0.10971846431493759,
            "max": 0.14638544619083405,
            "count": 56
        },
        "FPV-Drone.Policy.CuriosityValueEstimate.sum": {
            "value": 18.038719177246094,
            "min": 14.335994720458984,
            "max": 20.88878631591797,
            "count": 56
        },
        "FPV-Drone.Environment.CumulativeReward.mean": {
            "value": 0.8293184022903443,
            "min": 0.725905462896282,
            "max": 0.8695468550378626,
            "count": 56
        },
        "FPV-Drone.Environment.CumulativeReward.sum": {
            "value": 103.66480028629303,
            "min": 79.84960091859102,
            "max": 124.34520027041435,
            "count": 56
        },
        "FPV-Drone.Policy.ExtrinsicReward.mean": {
            "value": 0.8293184022903443,
            "min": 0.725905462896282,
            "max": 0.8695468550378626,
            "count": 56
        },
        "FPV-Drone.Policy.ExtrinsicReward.sum": {
            "value": 103.66480028629303,
            "min": 79.84960091859102,
            "max": 124.34520027041435,
            "count": 56
        },
        "FPV-Drone.Policy.CuriosityReward.mean": {
            "value": 0.19510188394784928,
            "min": 0.0,
            "max": 1.1616459417855367,
            "count": 56
        },
        "FPV-Drone.Policy.CuriosityReward.sum": {
            "value": 24.38773549348116,
            "min": 0.0,
            "max": 148.6906805485487,
            "count": 56
        },
        "FPV-Drone.IsTraining.mean": {
            "value": 1.0,
            "min": 1.0,
            "max": 1.0,
            "count": 56
        },
        "FPV-Drone.IsTraining.sum": {
            "value": 1.0,
            "min": 1.0,
            "max": 1.0,
            "count": 56
        },
        "FPV-Drone.Losses.PolicyLoss.mean": {
            "value": 0.03335314376267888,
            "min": 0.03303276198050753,
            "max": 0.03804098586771687,
            "count": 40
        },
        "FPV-Drone.Losses.PolicyLoss.sum": {
            "value": 0.03335314376267888,
            "min": 0.03303276198050753,
            "max": 0.03804098586771687,
            "count": 40
        },
        "FPV-Drone.Losses.ValueLoss.mean": {
            "value": 0.005346821687271586,
            "min": 0.004174974953639321,
            "max": 0.02239275029860437,
            "count": 40
        },
        "FPV-Drone.Losses.ValueLoss.sum": {
            "value": 0.005346821687271586,
            "min": 0.004174974953639321,
            "max": 0.02239275029860437,
            "count": 40
        },
        "FPV-Drone.Policy.LearningRate.mean": {
            "value": 2.507425025500012e-08,
            "min": 2.507425025500012e-08,
            "max": 8.277562233550007e-07,
            "count": 40
        },
        "FPV-Drone.Policy.LearningRate.sum": {
            "value": 2.507425025500012e-08,
            "min": 2.507425025500012e-08,
            "max": 8.277562233550007e-07,
            "count": 40
        },
        "FPV-Drone.Policy.Epsilon.mean": {
            "value": 0.09999999999999999,
            "min": 0.09999999999999999,
            "max": 0.09999999999999999,
            "count": 40
        },
        "FPV-Drone.Policy.Epsilon.sum": {
            "value": 0.09999999999999999,
            "min": 0.09999999999999999,
            "max": 0.09999999999999999,
            "count": 40
        },
        "FPV-Drone.Policy.Beta.mean": {
            "value": 1.2472475500000013e-05,
            "min": 1.2472475500000013e-05,
            "max": 9.193878550000006e-05,
            "count": 40
        },
        "FPV-Drone.Policy.Beta.sum": {
            "value": 1.2472475500000013e-05,
            "min": 1.2472475500000013e-05,
            "max": 9.193878550000006e-05,
            "count": 40
        },
        "FPV-Drone.Losses.CuriosityForwardLoss.mean": {
            "value": 0.017105825623730198,
            "min": 0.014472628099611029,
            "max": 0.02637120202998631,
            "count": 40
        },
        "FPV-Drone.Losses.CuriosityForwardLoss.sum": {
            "value": 0.017105825623730198,
            "min": 0.014472628099611029,
            "max": 0.02637120202998631,
            "count": 40
        },
        "FPV-Drone.Losses.CuriosityInverseLoss.mean": {
            "value": 0.029889194775023498,
            "min": 0.021076127715059557,
            "max": 0.057998641015728936,
            "count": 40
        },
        "FPV-Drone.Losses.CuriosityInverseLoss.sum": {
            "value": 0.029889194775023498,
            "min": 0.021076127715059557,
            "max": 0.057998641015728936,
            "count": 40
        }
    },
    "metadata": {
        "timer_format_version": "0.1.0",
        "start_time_seconds": "1734035827",
        "python_version": "3.10.14 | packaged by Anaconda, Inc. | (main, Mar 21 2024, 16:20:14) [MSC v.1916 64 bit (AMD64)]",
        "command_line_arguments": "C:\\Users\\alexu\\miniconda3\\envs\\mlagents\\Scripts\\mlagents-learn config/configPPO.yaml --run-id=PPO_Drone_v4.6 --resume",
        "mlagents_version": "1.0.0",
        "mlagents_envs_version": "1.0.0",
        "communication_protocol_version": "1.5.0",
        "pytorch_version": "1.13.1+cu117",
        "numpy_version": "1.23.1",
        "end_time_seconds": "1734038318"
    },
    "total": 2491.8788076,
    "count": 1,
    "self": 0.013691899998775625,
    "children": {
        "run_training.setup": {
            "total": 0.0978848000004291,
            "count": 1,
            "self": 0.0978848000004291
        },
        "TrainerController.start_learning": {
            "total": 2491.767230900001,
            "count": 1,
            "self": 0.9933090002332392,
            "children": {
                "TrainerController._reset_env": {
                    "total": 12.030499499999678,
                    "count": 1,
                    "self": 12.030499499999678
                },